learning evaluation instances,evaluation time (cpu seconds),model cost (RAM-Hours),classified instances,classifications correct (percent),Kappa Statistic (percent),model training instances,model serialized size (bytes),Change detected,Warning detected
10.0,0.0,0.0,10.0,70.0,34.782608695652165,10.0,0.0,0.0,0.0
20.0,0.015625,0.0,20.0,60.0,9.090909090909074,20.0,0.0,0.0,0.0
30.0,0.015625,0.0,30.0,63.33333333333333,16.243654822335028,30.0,0.0,0.0,0.0
40.0,0.03125,0.0,40.0,67.5,17.721518987341785,40.0,0.0,0.0,0.0
50.0,0.03125,0.0,50.0,62.0,11.214953271028023,50.0,0.0,0.0,0.0
60.0,0.046875,0.0,60.0,65.0,17.539267015706823,60.0,0.0,0.0,0.0
70.0,0.046875,0.0,70.0,67.14285714285714,18.107833163784328,70.0,0.0,0.0,0.0
80.0,0.0625,0.0,80.0,68.75,20.0,80.0,0.0,0.0,0.0
90.0,0.0625,0.0,90.0,67.77777777777779,22.64374629519857,90.0,0.0,0.0,0.0
100.0,0.078125,0.0,100.0,67.0,20.212765957446813,100.0,0.0,0.0,0.0
110.0,0.078125,0.0,110.0,66.36363636363637,20.16477049823461,110.0,0.0,0.0,0.0
120.0,0.09375,0.0,120.0,65.83333333333333,19.132149901380664,120.0,0.0,0.0,0.0
130.0,0.09375,0.0,130.0,66.92307692307692,20.709219858156022,130.0,0.0,0.0,0.0
140.0,0.109375,0.0,140.0,67.85714285714286,20.854271356783922,140.0,0.0,0.0,0.0
150.0,0.125,0.0,150.0,68.0,22.346850733390877,150.0,0.0,0.0,0.0
160.0,0.140625,0.0,160.0,66.875,18.929254302103235,160.0,0.0,0.0,0.0
170.0,0.140625,0.0,170.0,66.47058823529412,16.93811074918565,170.0,0.0,0.0,0.0
180.0,0.15625,0.0,180.0,66.66666666666666,19.84562861807926,180.0,0.0,0.0,0.0
190.0,0.171875,0.0,190.0,67.89473684210526,23.112644288178323,190.0,0.0,0.0,0.0
200.0,0.1875,0.0,200.0,68.0,23.22456813819578,200.0,0.0,0.0,0.0
210.0,0.203125,0.0,210.0,67.61904761904762,23.201032591158437,210.0,0.0,0.0,0.0
220.0,0.21875,0.0,220.0,66.81818181818183,21.856753600622817,220.0,0.0,0.0,0.0
230.0,0.234375,0.0,230.0,67.82608695652173,23.915958873491274,230.0,0.0,0.0,0.0
240.0,0.234375,0.0,240.0,67.08333333333333,22.48569092395747,240.0,0.0,0.0,0.0
250.0,0.25,0.0,250.0,68.0,24.357034795764,250.0,0.0,0.0,0.0
260.0,0.265625,0.0,260.0,67.6923076923077,22.84321345297818,260.0,0.0,0.0,0.0
270.0,0.28125,0.0,270.0,68.51851851851852,24.581005586592187,270.0,0.0,0.0,0.0
280.0,0.296875,0.0,280.0,68.57142857142857,25.31070021218551,280.0,0.0,0.0,0.0
290.0,0.3125,0.0,290.0,68.62068965517241,26.082572404907296,290.0,0.0,0.0,0.0
300.0,0.34375,0.0,300.0,69.33333333333334,27.072874279976762,300.0,0.0,0.0,0.0
310.0,0.359375,0.0,310.0,69.35483870967742,27.013630731102868,310.0,0.0,0.0,0.0
320.0,0.375,0.0,320.0,69.375,26.40916130849016,320.0,0.0,0.0,0.0
330.0,0.390625,0.0,330.0,69.39393939393939,26.277372262773753,330.0,0.0,0.0,0.0
340.0,0.40625,0.0,340.0,69.70588235294117,27.883031301482692,340.0,0.0,0.0,0.0
350.0,0.421875,0.0,350.0,69.71428571428572,27.402943018159053,350.0,0.0,0.0,0.0
360.0,0.453125,0.0,360.0,69.44444444444444,26.75076763715733,360.0,0.0,0.0,0.0
370.0,0.46875,0.0,370.0,69.45945945945947,26.543448469728386,370.0,0.0,0.0,0.0
380.0,0.484375,0.0,380.0,69.21052631578948,26.11181280329723,380.0,0.0,0.0,0.0
390.0,0.515625,0.0,390.0,68.71794871794872,25.714285714285722,390.0,0.0,0.0,0.0
400.0,0.546875,0.0,400.0,68.25,25.25454652463069,400.0,0.0,0.0,0.0
410.0,0.5625,0.0,410.0,69.02439024390243,26.344527116869877,410.0,0.0,0.0,0.0
420.0,0.59375,0.0,420.0,68.57142857142857,25.715510772858824,420.0,0.0,0.0,0.0
430.0,0.625,0.0,430.0,68.13953488372093,25.041353861814482,430.0,0.0,0.0,0.0
440.0,0.640625,0.0,440.0,67.95454545454545,24.65021375825885,440.0,0.0,0.0,0.0
450.0,0.65625,0.0,450.0,67.77777777777779,24.277590808866197,450.0,0.0,0.0,0.0
460.0,0.6875,0.0,460.0,68.04347826086956,24.943391200106564,460.0,0.0,0.0,0.0
470.0,0.71875,0.0,470.0,67.65957446808511,24.27871875861192,470.0,0.0,0.0,0.0
480.0,0.75,0.0,480.0,67.70833333333334,25.10569760418766,480.0,0.0,0.0,0.0
490.0,0.78125,0.0,490.0,67.9591836734694,25.62406945491813,490.0,0.0,0.0,0.0
500.0,0.8125,0.0,500.0,67.80000000000001,25.35791113418887,500.0,0.0,0.0,0.0
510.0,0.84375,0.0,510.0,67.45098039215686,24.391812238773994,510.0,0.0,0.0,0.0
520.0,0.875,0.0,520.0,67.11538461538461,23.376533848062873,520.0,0.0,0.0,0.0
530.0,0.9375,0.0,530.0,67.35849056603773,24.22940252871662,530.0,0.0,0.0,0.0
540.0,0.96875,0.0,540.0,67.77777777777779,25.05742725880552,540.0,0.0,0.0,0.0
550.0,1.0,0.0,550.0,67.63636363636364,24.827617979943795,550.0,0.0,0.0,0.0
560.0,1.03125,0.0,560.0,67.67857142857143,25.507834318135053,560.0,0.0,0.0,0.0
570.0,1.078125,0.0,570.0,67.71929824561404,25.764439411098532,570.0,0.0,0.0,0.0
580.0,1.109375,0.0,580.0,67.93103448275862,26.70000543566886,580.0,0.0,0.0,0.0
590.0,1.140625,0.0,590.0,67.96610169491527,26.710483075911945,590.0,0.0,0.0,0.0
600.0,1.1875,0.0,600.0,68.33333333333333,27.620885818772873,600.0,0.0,0.0,0.0
610.0,1.21875,0.0,610.0,68.52459016393443,28.260789670337754,610.0,0.0,0.0,0.0
620.0,1.265625,0.0,620.0,68.54838709677419,28.04941915825556,620.0,0.0,0.0,0.0
630.0,1.296875,0.0,630.0,68.88888888888889,28.429838288993214,630.0,0.0,0.0,0.0
640.0,1.34375,0.0,640.0,68.90625,28.609865470852025,640.0,0.0,0.0,0.0
650.0,1.375,0.0,650.0,69.07692307692308,28.747504935591895,650.0,0.0,0.0,0.0
660.0,1.421875,0.0,660.0,68.63636363636364,27.935436227450168,660.0,0.0,0.0,0.0
670.0,1.453125,0.0,670.0,68.80597014925374,28.076879616218292,670.0,0.0,0.0,0.0
680.0,1.5,0.0,680.0,68.97058823529412,28.40319361277445,680.0,0.0,0.0,0.0
690.0,1.546875,0.0,690.0,69.1304347826087,28.781872982952628,690.0,0.0,0.0,0.0
700.0,1.578125,0.0,700.0,68.85714285714286,28.22201317027282,700.0,0.0,0.0,0.0
710.0,1.625,0.0,710.0,68.73239436619718,27.883163587448855,710.0,0.0,0.0,0.0
720.0,1.671875,0.0,720.0,68.88888888888889,28.016067841999554,720.0,0.0,0.0,0.0
730.0,1.71875,0.0,730.0,68.9041095890411,28.122804125857755,730.0,0.0,0.0,0.0
740.0,1.765625,0.0,740.0,68.91891891891892,27.82018659881254,740.0,0.0,0.0,0.0
750.0,1.796875,0.0,750.0,68.66666666666667,27.53891314536619,750.0,0.0,0.0,0.0
760.0,1.828125,0.0,760.0,68.8157894736842,28.1245011971269,760.0,0.0,0.0,0.0
770.0,1.875,0.0,770.0,68.57142857142857,27.738222656552963,770.0,0.0,0.0,0.0
780.0,1.9375,0.0,780.0,68.58974358974359,27.99981915182205,780.0,0.0,0.0,0.0
790.0,1.984375,0.0,790.0,68.60759493670886,28.25125245363724,790.0,0.0,0.0,0.0
800.0,2.03125,0.0,800.0,68.625,28.39006019799722,800.0,0.0,0.0,0.0
810.0,2.078125,0.0,810.0,68.88888888888889,28.891923527116646,810.0,0.0,0.0,0.0
820.0,2.109375,0.0,820.0,69.02439024390243,28.855915124437242,820.0,0.0,0.0,0.0
830.0,2.15625,0.0,830.0,68.79518072289157,28.44208325843671,830.0,0.0,0.0,0.0
840.0,2.1875,0.0,840.0,68.69047619047619,28.30531576556111,840.0,0.0,0.0,0.0
850.0,2.234375,0.0,850.0,68.47058823529412,27.852030151390384,850.0,0.0,0.0,0.0
860.0,2.296875,0.0,860.0,68.6046511627907,28.1154610578977,860.0,0.0,0.0,0.0
870.0,2.34375,0.0,870.0,68.85057471264368,28.40484649722146,870.0,0.0,0.0,0.0
880.0,2.390625,0.0,880.0,68.75,27.95389048991354,880.0,0.0,0.0,0.0
890.0,2.453125,0.0,890.0,68.53932584269663,27.882250120099787,890.0,0.0,0.0,0.0
900.0,2.5,0.0,900.0,68.44444444444444,27.664608296495853,900.0,0.0,0.0,0.0
910.0,2.5625,0.0,910.0,68.46153846153847,27.886659708531447,910.0,0.0,0.0,0.0
920.0,2.609375,0.0,920.0,68.58695652173913,28.524576061593383,920.0,0.0,0.0,0.0
930.0,2.671875,0.0,930.0,68.70967741935485,28.670831027121068,930.0,0.0,0.0,0.0
940.0,2.71875,0.0,940.0,68.82978723404256,28.940741810976483,940.0,0.0,0.0,0.0
950.0,2.78125,0.0,950.0,68.84210526315789,29.008901657637093,950.0,0.0,0.0,0.0
960.0,2.828125,0.0,960.0,68.64583333333333,28.76161173895034,960.0,0.0,0.0,0.0
970.0,2.890625,0.0,970.0,68.76288659793815,28.900425276623327,970.0,0.0,0.0,0.0
980.0,2.9375,0.0,980.0,68.6734693877551,28.570750237416913,980.0,0.0,0.0,0.0
990.0,3.0,0.0,990.0,68.78787878787878,28.828677917835755,990.0,0.0,0.0,0.0
1000.0,3.0625,0.0,1000.0,68.7,28.78270762229808,1000.0,0.0,0.0,0.0
1010.0,3.125,0.0,1010.0,68.89999999999999,29.0375576142016,1010.0,0.0,0.0,0.0
1020.0,3.171875,0.0,1020.0,69.19999999999999,30.076280421358504,1020.0,0.0,0.0,0.0
1030.0,3.21875,0.0,1030.0,69.3,30.147895335608638,1030.0,0.0,0.0,0.0
1040.0,3.28125,0.0,1040.0,69.1,30.040481430162725,1040.0,0.0,0.0,0.0
1050.0,3.34375,0.0,1050.0,69.5,30.87411382880349,1050.0,0.0,0.0,0.0
1060.0,3.40625,0.0,1060.0,69.5,31.133830675023933,1060.0,0.0,0.0,0.0
1070.0,3.46875,0.0,1070.0,69.5,31.353925655176134,1070.0,0.0,0.0,0.0
1080.0,3.546875,0.0,1080.0,69.39999999999999,31.559547666762093,1080.0,0.0,0.0,0.0
1090.0,3.609375,0.0,1090.0,69.6,31.758695154418398,1090.0,0.0,0.0,0.0
1100.0,3.65625,0.0,1100.0,69.6,32.07978837491955,1100.0,0.0,0.0,0.0
1110.0,3.71875,0.0,1110.0,69.89999999999999,32.61153797933122,1110.0,0.0,0.0,0.0
1120.0,3.78125,0.0,1120.0,70.0,33.01029408480897,1120.0,0.0,0.0,0.0
1130.0,3.859375,0.0,1130.0,70.1,33.12697376072427,1130.0,0.0,0.0,0.0
1140.0,3.90625,0.0,1140.0,70.1,33.332738753522875,1140.0,0.0,0.0,0.0
1150.0,3.96875,0.0,1150.0,70.1,33.19450899081255,1150.0,0.0,0.0,0.0
1160.0,4.046875,0.0,1160.0,70.5,34.08822793407928,1160.0,0.0,0.0,0.0
1170.0,4.09375,0.0,1170.0,70.6,34.379687165202476,1170.0,0.0,0.0,0.0
1180.0,4.15625,0.0,1180.0,70.7,34.46890739763281,1180.0,0.0,0.0,0.0
1190.0,4.203125,0.0,1190.0,70.39999999999999,33.90349016367818,1190.0,0.0,0.0,0.0
1200.0,4.28125,0.0,1200.0,70.6,34.379687165202476,1200.0,0.0,0.0,0.0
1210.0,4.34375,0.0,1210.0,70.8,34.72555673287998,1210.0,0.0,0.0,0.0
1220.0,4.40625,0.0,1220.0,71.1,35.1261560563886,1220.0,0.0,0.0,0.0
1230.0,4.46875,0.0,1230.0,70.89999999999999,34.745169797104566,1230.0,0.0,0.0,0.0
1240.0,4.53125,0.0,1240.0,71.1,34.988977369865474,1240.0,0.0,0.0,0.0
1250.0,4.609375,0.0,1250.0,71.0,35.1381334096765,1250.0,0.0,0.0,0.0
1260.0,4.6875,0.0,1260.0,71.1,35.294644456385456,1260.0,0.0,0.0,0.0
1270.0,4.75,0.0,1270.0,70.89999999999999,34.745169797104566,1270.0,0.0,0.0,0.0
1280.0,4.828125,0.0,1280.0,70.89999999999999,34.64492655976282,1280.0,0.0,0.0,0.0
1290.0,4.90625,0.0,1290.0,71.0,34.73172488296723,1290.0,0.0,0.0,0.0
1300.0,4.984375,0.0,1300.0,70.8,34.59338138778508,1300.0,0.0,0.0,0.0
1310.0,5.0625,0.0,1310.0,70.89999999999999,34.74809625889085,1310.0,0.0,0.0,0.0
1320.0,5.140625,0.0,1320.0,71.0,35.20769285765353,1320.0,0.0,0.0,0.0
1330.0,5.21875,0.0,1330.0,70.7,34.93978043841261,1330.0,0.0,0.0,0.0
1340.0,5.296875,0.0,1340.0,70.6,34.551185870179815,1340.0,0.0,0.0,0.0
1350.0,5.375,0.0,1350.0,70.5,34.42404303561107,1350.0,0.0,0.0,0.0
1360.0,5.453125,0.0,1360.0,70.8,35.350171809132455,1360.0,0.0,0.0,0.0
1370.0,5.53125,0.0,1370.0,71.0,36.10871212788832,1370.0,0.0,0.0,0.0
1380.0,5.609375,0.0,1380.0,71.1,36.44887763000492,1380.0,0.0,0.0,0.0
1390.0,5.671875,0.0,1390.0,71.39999999999999,37.01300703428165,1390.0,0.0,0.0,0.0
1400.0,5.75,0.0,1400.0,71.5,37.17152834115198,1400.0,0.0,0.0,0.0
1410.0,5.828125,0.0,1410.0,71.3,36.85479683525922,1410.0,0.0,0.0,0.0
1420.0,5.90625,0.0,1420.0,71.5,37.204752168088554,1420.0,0.0,0.0,0.0
1430.0,6.0,0.0,1430.0,71.7,37.57995500463187,1430.0,0.0,0.0,0.0
1440.0,6.078125,0.0,1440.0,71.8,37.88683068654875,1440.0,0.0,0.0,0.0
1450.0,6.15625,0.0,1450.0,71.89999999999999,38.166742949688405,1450.0,0.0,0.0,0.0
1460.0,6.234375,0.0,1460.0,71.7,37.81039862875225,1460.0,0.0,0.0,0.0
1470.0,6.328125,0.0,1470.0,72.0,38.58356145153365,1470.0,0.0,0.0,0.0
1480.0,6.40625,0.0,1480.0,71.8,38.05873437740242,1480.0,0.0,0.0,0.0
1490.0,6.484375,0.0,1490.0,71.39999999999999,37.327980646179185,1490.0,0.0,0.0,0.0
1500.0,6.5625,0.0,1500.0,71.7,37.86774391850355,1500.0,0.0,0.0,0.0
1510.0,6.640625,0.0,1510.0,72.0,38.498034133591055,1510.0,0.0,0.0,0.0
1520.0,6.71875,0.0,1520.0,72.2,38.82284592599765,1520.0,0.0,0.0,0.0
1530.0,6.796875,0.0,1530.0,71.89999999999999,38.04841483310551,1530.0,0.0,0.0,0.0
1540.0,6.875,0.0,1540.0,71.89999999999999,38.02108606466981,1540.0,0.0,0.0,0.0
1550.0,6.984375,0.0,1550.0,72.0,38.219576451067695,1550.0,0.0,0.0,0.0
1560.0,7.078125,0.0,1560.0,72.1,38.144055621574644,1560.0,0.0,0.0,0.0
1570.0,7.15625,0.0,1570.0,71.89999999999999,37.90604145489901,1570.0,0.0,0.0,0.0
1580.0,7.25,0.0,1580.0,71.89999999999999,37.81700052224867,1580.0,0.0,0.0,0.0
1590.0,7.34375,0.0,1590.0,72.1,38.29617834394904,1590.0,0.0,0.0,0.0
1600.0,7.4375,0.0,1600.0,72.0,38.04350231230501,1600.0,0.0,0.0,0.0
1610.0,7.515625,0.0,1610.0,71.8,37.69002333309764,1610.0,0.0,0.0,0.0
1620.0,7.609375,0.0,1620.0,71.8,37.7032376643574,1620.0,0.0,0.0,0.0
1630.0,7.703125,0.0,1630.0,71.39999999999999,37.108577862219406,1630.0,0.0,0.0,0.0
1640.0,7.78125,0.0,1640.0,71.5,37.24844332103255,1640.0,0.0,0.0,0.0
1650.0,7.875,0.0,1650.0,71.5,37.59032978583629,1650.0,0.0,0.0,0.0
1660.0,7.96875,0.0,1660.0,72.0,38.54905541119461,1660.0,0.0,0.0,0.0
1670.0,8.046875,0.0,1670.0,71.8,38.19394826701968,1670.0,0.0,0.0,0.0
1680.0,8.140625,0.0,1680.0,71.8,38.30050716107944,1680.0,0.0,0.0,0.0
1690.0,8.234375,0.0,1690.0,71.7,38.028292383830426,1690.0,0.0,0.0,0.0
1700.0,8.328125,0.0,1700.0,71.7,38.07656624713357,1700.0,0.0,0.0,0.0
1710.0,8.421875,0.0,1710.0,71.89999999999999,38.456012475250986,1710.0,0.0,0.0,0.0
1720.0,8.515625,0.0,1720.0,71.89999999999999,38.53893263342083,1720.0,0.0,0.0,0.0
1730.0,8.609375,0.0,1730.0,72.0,38.64600497843845,1730.0,0.0,0.0,0.0
1740.0,8.71875,0.0,1740.0,71.89999999999999,38.64628820960698,1740.0,0.0,0.0,0.0
1750.0,8.8125,0.0,1750.0,71.89999999999999,38.56419495045781,1750.0,0.0,0.0,0.0
1760.0,8.890625,0.0,1760.0,71.89999999999999,38.61626647093775,1760.0,0.0,0.0,0.0
1770.0,9.0,0.0,1770.0,72.1,39.106901217861974,1770.0,0.0,0.0,0.0
1780.0,9.109375,0.0,1780.0,72.1,39.07977710622391,1780.0,0.0,0.0,0.0
1790.0,9.203125,0.0,1790.0,72.1,38.97103858605302,1790.0,0.0,0.0,0.0
1800.0,9.296875,0.0,1800.0,72.1,38.88815875936391,1800.0,0.0,0.0,0.0
1810.0,9.390625,0.0,1810.0,72.0,38.69758643640313,1810.0,0.0,0.0,0.0
1820.0,9.484375,0.0,1820.0,72.0,38.86249301285635,1820.0,0.0,0.0,0.0
1830.0,9.59375,0.0,1830.0,71.89999999999999,38.58782596532943,1830.0,0.0,0.0,0.0
1840.0,9.703125,0.0,1840.0,71.8,38.45294269139606,1840.0,0.0,0.0,0.0
1850.0,9.796875,0.0,1850.0,72.3,39.32464164300985,1850.0,0.0,0.0,0.0
1860.0,9.90625,0.0,1860.0,72.3,39.48952753772621,1860.0,0.0,0.0,0.0
1870.0,10.03125,0.0,1870.0,72.0,39.26905975490728,1870.0,0.0,0.0,0.0
1880.0,10.125,0.0,1880.0,71.89999999999999,39.32196069963291,1880.0,0.0,0.0,0.0
1890.0,10.234375,0.0,1890.0,72.2,39.78095865247981,1890.0,0.0,0.0,0.0
1900.0,10.328125,0.0,1900.0,72.0,39.561388361250216,1900.0,0.0,0.0,0.0
1910.0,10.421875,0.0,1910.0,72.0,39.43667455431881,1910.0,0.0,0.0,0.0
1920.0,10.53125,0.0,1920.0,72.0,39.19916615999305,1920.0,0.0,0.0,0.0
1930.0,10.640625,0.0,1930.0,71.7,38.62289734625361,1930.0,0.0,0.0,0.0
1940.0,10.75,0.0,1940.0,71.6,38.51083638253188,1940.0,0.0,0.0,0.0
1950.0,10.84375,0.0,1950.0,71.6,38.54090924829473,1950.0,0.0,0.0,0.0
1960.0,10.9375,0.0,1960.0,71.89999999999999,39.027036410189645,1960.0,0.0,0.0,0.0
1970.0,11.046875,0.0,1970.0,71.8,38.964209651446666,1970.0,0.0,0.0,0.0
1980.0,11.15625,0.0,1980.0,71.89999999999999,39.23378342141912,1980.0,0.0,0.0,0.0
1990.0,11.265625,0.0,1990.0,71.7,38.71699812902778,1990.0,0.0,0.0,0.0
2000.0,11.375,0.0,2000.0,71.7,38.76791525306377,2000.0,0.0,0.0,0.0
2010.0,11.46875,0.0,2010.0,71.5,38.59346720675688,2010.0,0.0,0.0,0.0
2020.0,11.578125,0.0,2020.0,71.39999999999999,38.171519986164256,2020.0,0.0,0.0,0.0
2030.0,11.6875,0.0,2030.0,71.2,37.86783106953625,2030.0,0.0,0.0,0.0
2040.0,11.796875,0.0,2040.0,71.5,38.46353154553698,2040.0,0.0,0.0,0.0
2050.0,11.90625,0.0,2050.0,71.2,37.76364013553696,2050.0,0.0,0.0,0.0
2060.0,12.03125,0.0,2060.0,71.2,37.499999999999986,2060.0,0.0,0.0,0.0
2070.0,12.140625,0.0,2070.0,70.89999999999999,37.141425312780804,2070.0,0.0,0.0,0.0
2080.0,12.234375,0.0,2080.0,70.7,36.4976159514521,2080.0,0.0,0.0,0.0
2090.0,12.359375,0.0,2090.0,70.8,36.74176776429809,2090.0,0.0,0.0,0.0
2100.0,12.46875,0.0,2100.0,70.8,36.611860528726545,2100.0,0.0,0.0,0.0
2110.0,12.59375,0.0,2110.0,70.39999999999999,35.825166941288686,2110.0,0.0,0.0,0.0
2120.0,12.703125,0.0,2120.0,70.39999999999999,35.71924947880471,2120.0,0.0,0.0,0.0
2130.0,12.8125,0.0,2130.0,70.0,34.95793946752232,2130.0,0.0,0.0,0.0
2140.0,12.921875,0.0,2140.0,69.6,34.23130676335818,2140.0,0.0,0.0,0.0
2150.0,13.0625,0.0,2150.0,69.5,34.04378627591753,2150.0,0.0,0.0,0.0
2160.0,13.171875,0.0,2160.0,69.19999999999999,33.53044003711935,2160.0,0.0,0.0,0.0
2170.0,13.296875,0.0,2170.0,69.1,33.52894610036482,2170.0,0.0,0.0,0.0
2180.0,13.40625,0.0,2180.0,69.19999999999999,33.448573898012086,2180.0,0.0,0.0,0.0
2190.0,13.53125,0.0,2190.0,69.3,33.50430164354839,2190.0,0.0,0.0,0.0
2200.0,13.609375,0.0,2200.0,69.19999999999999,33.282500953107125,2200.0,0.0,0.0,0.0
2210.0,13.734375,0.0,2210.0,69.1,33.34311255306663,2210.0,0.0,0.0,0.0
2220.0,13.828125,0.0,2220.0,68.7,32.57216716932357,2220.0,0.0,0.0,0.0
2230.0,13.96875,0.0,2230.0,68.7,32.53786931744706,2230.0,0.0,0.0,0.0
2240.0,14.078125,0.0,2240.0,68.8,32.96665520797523,2240.0,0.0,0.0,0.0
2250.0,14.203125,0.0,2250.0,68.60000000000001,32.26919758412426,2250.0,0.0,0.0,0.0
2260.0,14.328125,0.0,2260.0,68.5,32.23824602464377,2260.0,0.0,0.0,0.0
2270.0,14.453125,0.0,2270.0,68.7,32.74891495853208,2270.0,0.0,0.0,0.0
2280.0,14.5625,0.0,2280.0,68.8,33.17798642999108,2280.0,0.0,0.0,0.0
2290.0,14.6875,0.0,2290.0,68.8,33.17798642999108,2290.0,0.0,0.0,0.0
2300.0,14.8125,0.0,2300.0,68.8,33.02191385587689,2300.0,0.0,0.0,0.0
2310.0,14.953125,0.0,2310.0,68.7,32.913237311385465,2310.0,0.0,0.0,0.0
2320.0,15.09375,0.0,2320.0,68.60000000000001,32.648088406891354,2320.0,0.0,0.0,0.0
2330.0,15.21875,0.0,2330.0,69.0,33.20347514307383,2330.0,0.0,0.0,0.0
2340.0,15.34375,0.0,2340.0,69.0,33.383474803911014,2340.0,0.0,0.0,0.0
2350.0,15.484375,0.0,2350.0,69.39999999999999,34.47200712670457,2350.0,0.0,0.0,0.0
2360.0,15.609375,0.0,2360.0,69.0,33.48353180989162,2360.0,0.0,0.0,0.0
2370.0,15.75,0.0,2370.0,68.8,32.99861272768659,2370.0,0.0,0.0,0.0
2380.0,15.890625,0.0,2380.0,68.7,32.71016785910844,2380.0,0.0,0.0,0.0
2390.0,16.03125,0.0,2390.0,68.60000000000001,32.38587424633938,2390.0,0.0,0.0,0.0
2400.0,16.171875,0.0,2400.0,68.60000000000001,32.36344524239305,2400.0,0.0,0.0,0.0
2410.0,16.3125,0.0,2410.0,68.5,32.41677608712443,2410.0,0.0,0.0,0.0
2420.0,16.40625,0.0,2420.0,68.4,32.452941503392324,2420.0,0.0,0.0,0.0
2430.0,16.53125,0.0,2430.0,68.60000000000001,32.9564088548784,2430.0,0.0,0.0,0.0
2440.0,16.671875,0.0,2440.0,68.60000000000001,32.78102455419264,2440.0,0.0,0.0,0.0
2450.0,16.734375,0.0,2450.0,68.8,33.24204039712426,2450.0,0.0,0.0,0.0
2460.0,16.875,0.0,2460.0,69.0,33.48353180989162,2460.0,0.0,0.0,0.0
2470.0,17.015625,0.0,2470.0,68.8,32.91938285832228,2470.0,0.0,0.0,0.0
2480.0,17.140625,0.0,2480.0,69.0,33.166897348666126,2480.0,0.0,0.0,0.0
2490.0,17.265625,0.0,2490.0,69.1,33.22788092521521,2490.0,0.0,0.0,0.0
2500.0,17.40625,0.0,2500.0,68.8,32.73571604123816,2500.0,0.0,0.0,0.0
2510.0,17.546875,0.0,2510.0,68.7,32.630219543693514,2510.0,0.0,0.0,0.0
2520.0,17.6875,0.0,2520.0,68.60000000000001,32.67148401483801,2520.0,0.0,0.0,0.0
2530.0,17.828125,0.0,2530.0,68.89999999999999,33.33619137443196,2530.0,0.0,0.0,0.0
2540.0,17.96875,0.0,2540.0,68.4,32.57544722108426,2540.0,0.0,0.0,0.0
2550.0,18.125,0.0,2550.0,68.30000000000001,32.39035293515446,2550.0,0.0,0.0,0.0
2560.0,18.25,0.0,2560.0,68.2,32.4292738484291,2560.0,0.0,0.0,0.0
2570.0,18.390625,0.0,2570.0,68.5,33.06417339566512,2570.0,0.0,0.0,0.0
2580.0,18.515625,0.0,2580.0,68.30000000000001,32.56466984343093,2580.0,0.0,0.0,0.0
2590.0,18.65625,0.0,2590.0,67.9,31.789205269868265,2590.0,0.0,0.0,0.0
2600.0,18.8125,0.0,2600.0,67.9,31.837871812730405,2600.0,0.0,0.0,0.0
2610.0,18.953125,0.0,2610.0,68.10000000000001,32.16287714463131,2610.0,0.0,0.0,0.0
2620.0,19.109375,0.0,2620.0,68.2,32.59741581035712,2620.0,0.0,0.0,0.0
2630.0,19.25,0.0,2630.0,68.7,33.608796728377264,2630.0,0.0,0.0,0.0
2640.0,19.40625,0.0,2640.0,68.4,33.021331434191346,2640.0,0.0,0.0,0.0
2650.0,19.546875,0.0,2650.0,68.30000000000001,32.53883805064908,2650.0,0.0,0.0,0.0
2660.0,19.65625,0.0,2660.0,68.2,32.37639553429029,2660.0,0.0,0.0,0.0
2670.0,19.796875,0.0,2670.0,68.4,32.87564150494512,2670.0,0.0,0.0,0.0
2680.0,19.9375,0.0,2680.0,68.2,32.52447579156429,2680.0,0.0,0.0,0.0
2690.0,20.109375,0.0,2690.0,67.9,31.95981177667558,2690.0,0.0,0.0,0.0
2700.0,20.265625,0.0,2700.0,68.30000000000001,32.73580661862689,2700.0,0.0,0.0,0.0
2710.0,20.421875,0.0,2710.0,68.2,32.69100514765647,2710.0,0.0,0.0,0.0
2720.0,20.578125,0.0,2720.0,68.10000000000001,32.43243243243244,2720.0,0.0,0.0,0.0
2730.0,20.734375,0.0,2730.0,67.9,32.150798549168485,2730.0,0.0,0.0,0.0
2740.0,20.890625,0.0,2740.0,67.9,32.10315244428652,2740.0,0.0,0.0,0.0
2750.0,21.03125,0.0,2750.0,68.10000000000001,32.57353500680607,2750.0,0.0,0.0,0.0
2760.0,21.203125,0.0,2760.0,67.9,32.19837783034809,2760.0,0.0,0.0,0.0
2770.0,21.34375,0.0,2770.0,68.0,32.3424318667146,2770.0,0.0,0.0,0.0
2780.0,21.515625,0.0,2780.0,67.7,31.79841045954781,2780.0,0.0,0.0,0.0
2790.0,21.65625,0.0,2790.0,67.80000000000001,31.915541440599487,2790.0,0.0,0.0,0.0
2800.0,21.828125,0.0,2800.0,67.80000000000001,32.01099648230809,2800.0,0.0,0.0,0.0
2810.0,21.984375,0.0,2810.0,67.60000000000001,31.727093807815997,2810.0,0.0,0.0,0.0
2820.0,22.15625,0.0,2820.0,67.4,31.258724448699205,2820.0,0.0,0.0,0.0
2830.0,22.296875,0.0,2830.0,68.0,32.36388231315524,2830.0,0.0,0.0,0.0
2840.0,22.453125,0.0,2840.0,68.10000000000001,32.38832416301409,2840.0,0.0,0.0,0.0
2850.0,22.59375,0.0,2850.0,68.0,32.501982754256595,2850.0,0.0,0.0,0.0
2860.0,22.765625,0.0,2860.0,67.80000000000001,32.05575648107902,2860.0,0.0,0.0,0.0
2870.0,22.9375,0.0,2870.0,68.10000000000001,32.38832416301409,2870.0,0.0,0.0,0.0
2880.0,23.09375,0.0,2880.0,68.30000000000001,32.64777121488974,2880.0,0.0,0.0,0.0
2890.0,23.28125,0.0,2890.0,68.4,32.8137026028312,2890.0,0.0,0.0,0.0
2900.0,23.4375,0.0,2900.0,68.89999999999999,33.64682187478664,2900.0,0.0,0.0,0.0
2910.0,23.609375,0.0,2910.0,68.89999999999999,33.863559033684915,2910.0,0.0,0.0,0.0
2920.0,23.78125,0.0,2920.0,68.89999999999999,34.092854902559125,2920.0,0.0,0.0,0.0
2930.0,23.9375,0.0,2930.0,69.19999999999999,34.56526265248629,2930.0,0.0,0.0,0.0
2940.0,24.09375,0.0,2940.0,69.39999999999999,34.92020281076667,2940.0,0.0,0.0,0.0
2950.0,24.21875,0.0,2950.0,69.39999999999999,34.90109646976729,2950.0,0.0,0.0,0.0
2960.0,24.390625,0.0,2960.0,69.5,35.069358698151284,2960.0,0.0,0.0,0.0
2970.0,24.5,0.0,2970.0,69.6,35.2044470211097,2970.0,0.0,0.0,0.0
2980.0,24.65625,0.0,2980.0,69.5,35.12129127774893,2980.0,0.0,0.0,0.0
2990.0,24.828125,0.0,2990.0,69.6,35.533124098736096,2990.0,0.0,0.0,0.0
3000.0,25.0,0.0,3000.0,69.89999999999999,36.10861111582807,3000.0,0.0,0.0,0.0
3010.0,25.3125,0.0,3010.0,70.1,36.44842332576665,3010.0,0.0,0.0,0.0
3020.0,25.625,0.0,3020.0,70.0,36.21038665010972,3020.0,0.0,0.0,0.0
3030.0,25.921875,0.0,3030.0,70.19999999999999,36.8537040176301,3030.0,0.0,0.0,0.0
3040.0,26.203125,0.0,3040.0,70.0,36.4123868670383,3040.0,0.0,0.0,0.0
3050.0,26.515625,0.0,3050.0,70.39999999999999,37.406956286371624,3050.0,0.0,0.0,0.0
3060.0,26.828125,0.0,3060.0,70.39999999999999,37.45351274595983,3060.0,0.0,0.0,0.0
3070.0,27.140625,0.0,3070.0,70.6,37.68413912969753,3070.0,0.0,0.0,0.0
3080.0,27.484375,0.0,3080.0,70.6,37.82988225740965,3080.0,0.0,0.0,1.0
3090.0,27.796875,0.0,3090.0,70.5,37.659022324409754,3090.0,0.0,0.0,0.0
3100.0,28.140625,0.0,3100.0,70.7,38.14441695307419,3100.0,0.0,0.0,0.0
3110.0,28.4375,0.0,3110.0,70.8,38.48357806476078,3110.0,0.0,0.0,0.0
3120.0,28.734375,0.0,3120.0,71.0,38.904923420481595,3120.0,0.0,0.0,0.0
3130.0,29.046875,0.0,3130.0,71.3,39.498958623190234,3130.0,0.0,0.0,0.0
3140.0,29.328125,0.0,3140.0,71.89999999999999,40.704790040092846,3140.0,0.0,0.0,0.0
3150.0,29.671875,0.0,3150.0,72.2,41.374947279628834,3150.0,0.0,0.0,0.0
3160.0,30.03125,0.0,3160.0,72.5,42.02861888981643,3160.0,0.0,0.0,0.0
3170.0,30.34375,0.0,3170.0,72.89999999999999,42.79997298301306,3170.0,0.0,0.0,0.0
3180.0,30.625,0.0,3180.0,72.89999999999999,43.038985715606884,3180.0,0.0,0.0,0.0
3190.0,30.953125,0.0,3190.0,73.0,43.323033519177805,3190.0,0.0,0.0,0.0
3200.0,31.234375,0.0,3200.0,73.2,43.78157042407156,3200.0,0.0,0.0,0.0
3210.0,31.5625,0.0,3210.0,73.4,43.97287107441498,3210.0,0.0,0.0,0.0
3220.0,31.875,0.0,3220.0,73.9,45.17912353810997,3220.0,0.0,0.0,0.0
3230.0,32.15625,0.0,3230.0,73.8,44.9221131409111,3230.0,0.0,0.0,0.0
3240.0,32.5,0.0,3240.0,73.6,44.434856183095576,3240.0,0.0,0.0,1.0
3250.0,32.828125,0.0,3250.0,73.8,45.01343183344527,3250.0,0.0,0.0,0.0
3260.0,33.140625,0.0,3260.0,73.8,45.064852828321364,3260.0,0.0,0.0,0.0
3270.0,33.53125,0.0,3270.0,73.7,44.8618821595693,3270.0,0.0,0.0,0.0
3280.0,33.828125,0.0,3280.0,73.7,44.77110457790843,3280.0,0.0,0.0,0.0
3290.0,34.140625,0.0,3290.0,73.7,44.8873018667069,3290.0,0.0,0.0,0.0
3300.0,34.4375,0.0,3300.0,73.7,44.93807103198197,3300.0,0.0,0.0,0.0
3310.0,34.75,0.0,3310.0,73.9,45.39383389682992,3310.0,0.0,0.0,0.0
3320.0,35.0625,0.0,3320.0,73.7,45.10036404929696,3320.0,0.0,0.0,0.0
3330.0,35.328125,0.0,3330.0,73.7,45.16263552960801,3330.0,0.0,0.0,0.0
3340.0,35.671875,0.0,3340.0,73.9,45.43356274931216,3340.0,0.0,0.0,0.0
3350.0,35.984375,0.0,3350.0,73.8,45.20662539735654,3350.0,0.0,0.0,0.0
3360.0,36.328125,0.0,3360.0,74.1,45.738707785133656,3360.0,0.0,0.0,0.0
3370.0,36.59375,0.0,3370.0,74.1,45.58549170546413,3370.0,0.0,0.0,0.0
3380.0,36.90625,0.0,3380.0,74.3,45.86236823700908,3380.0,0.0,0.0,0.0
3390.0,37.21875,0.0,3390.0,74.3,45.901570327958574,3390.0,0.0,0.0,0.0
3400.0,37.53125,0.0,3400.0,74.4,46.09255234918549,3400.0,0.0,0.0,0.0
3410.0,37.84375,0.0,3410.0,74.4,46.0534744934084,3410.0,0.0,0.0,0.0
3420.0,38.171875,0.0,3420.0,74.6,46.40807507933293,3420.0,0.0,0.0,0.0
3430.0,38.484375,0.0,3430.0,74.4,45.80863674851821,3430.0,0.0,0.0,0.0
3440.0,38.8125,0.0,3440.0,74.4,45.79486745151182,3440.0,0.0,0.0,0.0
3450.0,39.125,0.0,3450.0,74.2,45.27242875870232,3450.0,0.0,0.0,0.0
3460.0,39.359375,0.0,3460.0,74.3,45.40557075607975,3460.0,0.0,0.0,0.0
3470.0,39.671875,0.0,3470.0,74.5,45.914991091880886,3470.0,0.0,0.0,0.0
3480.0,40.015625,0.0,3480.0,74.7,46.45049316344241,3480.0,0.0,0.0,0.0
3490.0,40.3125,0.0,3490.0,74.9,46.92817754321865,3490.0,0.0,0.0,0.0
3500.0,40.609375,0.0,3500.0,74.9,46.873809423019935,3500.0,0.0,0.0,0.0
3510.0,40.9375,0.0,3510.0,75.0,47.09196263422769,3510.0,0.0,0.0,0.0
3520.0,41.265625,0.0,3520.0,75.2,47.50211685012702,3520.0,0.0,0.0,0.0
3530.0,41.578125,0.0,3530.0,75.1,47.31095424305521,3530.0,0.0,0.0,0.0
3540.0,41.890625,0.0,3540.0,75.4,47.85926239932174,3540.0,0.0,0.0,0.0
3550.0,42.171875,0.0,3550.0,75.6,48.377050637035666,3550.0,0.0,0.0,0.0
3560.0,42.46875,0.0,3560.0,75.6,48.33638939117399,3560.0,0.0,0.0,0.0
3570.0,42.78125,0.0,3570.0,75.6,48.175083259702305,3570.0,0.0,0.0,0.0
3580.0,43.109375,0.0,3580.0,75.8,48.587865886561886,3580.0,0.0,0.0,0.0
3590.0,43.421875,0.0,3590.0,76.2,49.34187000868425,3590.0,0.0,0.0,0.0
3600.0,43.734375,0.0,3600.0,76.2,49.34187000868425,3600.0,0.0,0.0,0.0
3610.0,44.03125,0.0,3610.0,76.0,48.89267461669506,3610.0,0.0,0.0,0.0
3620.0,44.34375,0.0,3620.0,76.0,48.78186195004525,3620.0,0.0,0.0,0.0
3630.0,44.671875,0.0,3630.0,75.6,48.052611633660206,3630.0,0.0,0.0,0.0
3640.0,45.0,0.0,3640.0,75.8,48.47840989895807,3640.0,0.0,0.0,0.0
3650.0,45.3125,0.0,3650.0,75.9,48.89867094136706,3650.0,0.0,0.0,0.0
3660.0,45.609375,0.0,3660.0,76.1,49.310710498409335,3660.0,0.0,0.0,0.0
3670.0,45.90625,0.0,3670.0,76.1,49.246124442556805,3670.0,0.0,0.0,0.0
3680.0,46.25,0.0,3680.0,76.2,49.437653227279874,3680.0,0.0,0.0,0.0
3690.0,46.5625,0.0,3690.0,76.5,50.025518883974144,3690.0,0.0,0.0,0.0
3700.0,46.875,0.0,3700.0,76.4,49.964381424064584,3700.0,0.0,0.0,0.0
3710.0,47.203125,0.0,3710.0,76.5,50.28559339961921,3710.0,0.0,0.0,0.0
3720.0,47.53125,0.0,3720.0,76.5,50.398500557225354,3720.0,0.0,0.0,0.0
3730.0,47.828125,0.0,3730.0,76.6,50.73787920254311,3730.0,0.0,0.0,0.0
3740.0,48.078125,0.0,3740.0,76.9,51.468141250819365,3740.0,0.0,0.0,0.0
3750.0,48.40625,0.0,3750.0,76.8,51.298360518084685,3750.0,0.0,0.0,0.0
3760.0,48.71875,0.0,3760.0,76.8,51.158717326866075,3760.0,0.0,0.0,0.0
3770.0,49.0625,0.0,3770.0,77.0,51.579762867151715,3770.0,0.0,0.0,0.0
3780.0,49.375,0.0,3780.0,77.4,52.401010951979785,3780.0,0.0,0.0,0.0
3790.0,49.6875,0.0,3790.0,77.3,52.29970076992906,3790.0,0.0,0.0,0.0
3800.0,50.0,0.0,3800.0,77.3,52.29007633587786,3800.0,0.0,0.0,0.0
3810.0,50.3125,0.0,3810.0,77.7,53.08621197458662,3810.0,0.0,0.0,0.0
3820.0,50.609375,0.0,3820.0,77.7,53.174869813539395,3820.0,0.0,0.0,0.0
3830.0,50.890625,0.0,3830.0,77.3,52.52913080211131,3830.0,0.0,0.0,0.0
3840.0,51.21875,0.0,3840.0,77.3,52.645193591455275,3840.0,0.0,0.0,0.0
3850.0,51.53125,0.0,3850.0,77.0,51.88989060179472,3850.0,0.0,0.0,0.0
3860.0,51.84375,0.0,3860.0,77.4,52.624319236622675,3860.0,0.0,0.0,0.0
3870.0,52.140625,0.0,3870.0,77.3,52.40531383139321,3870.0,0.0,0.0,0.0
3880.0,52.46875,0.0,3880.0,77.3,52.48342152856856,3880.0,0.0,0.0,0.0
3890.0,52.796875,0.0,3890.0,77.0,51.966451699134566,3890.0,0.0,0.0,0.0
3900.0,53.109375,0.0,3900.0,76.8,51.63280963341006,3900.0,0.0,0.0,0.0
3910.0,53.4375,0.0,3910.0,76.9,51.681322634894876,3910.0,0.0,0.0,0.0
3920.0,53.765625,0.0,3920.0,76.9,51.497488787731186,3920.0,0.0,0.0,0.0
3930.0,54.0625,0.0,3930.0,76.7,51.122709270322886,3930.0,0.0,0.0,0.0
3940.0,54.40625,0.0,3940.0,76.4,50.56494216517174,3940.0,0.0,0.0,0.0
3950.0,54.625,0.0,3950.0,76.4,50.56494216517174,3950.0,0.0,0.0,0.0
3960.0,54.953125,0.0,3960.0,76.2,50.25187600593634,3960.0,0.0,0.0,0.0
3970.0,55.28125,0.0,3970.0,76.2,50.29571958432185,3970.0,0.0,0.0,0.0
3980.0,55.59375,0.0,3980.0,76.3,50.45240922546872,3980.0,0.0,0.0,0.0
3990.0,55.890625,0.0,3990.0,76.0,49.807595783838046,3990.0,0.0,0.0,1.0
4000.0,56.21875,0.0,4000.0,76.0,49.906283004454174,4000.0,0.0,0.0,0.0
4010.0,56.578125,0.0,4010.0,76.0,49.862120832288795,4010.0,0.0,0.0,0.0
4020.0,56.875,0.0,4020.0,76.2,50.216495492291926,4020.0,0.0,0.0,0.0
4030.0,57.1875,0.0,4030.0,75.9,49.432638399301716,4030.0,0.0,0.0,1.0
4040.0,57.5,0.0,4040.0,76.0,49.67055182045809,4040.0,0.0,0.0,0.0
4050.0,57.84375,0.0,4050.0,76.1,49.80552265262062,4050.0,0.0,0.0,0.0
4060.0,58.15625,0.0,4060.0,76.0,49.59698589975681,4060.0,0.0,0.0,0.0
4070.0,58.5,0.0,4070.0,76.1,49.81521921720141,4070.0,0.0,0.0,0.0
4080.0,58.84375,0.0,4080.0,76.2,49.921937137302265,4080.0,0.0,0.0,0.0
4090.0,59.140625,0.0,4090.0,76.3,50.00590647518437,4090.0,0.0,0.0,0.0
4100.0,59.46875,0.0,4100.0,76.3,50.00590647518437,4100.0,0.0,0.0,0.0
4110.0,59.78125,0.0,4110.0,76.4,50.148077109940395,4110.0,0.0,0.0,0.0
4120.0,60.109375,0.0,4120.0,76.3,49.967066930131224,4120.0,0.0,0.0,0.0
4130.0,60.4375,0.0,4130.0,76.3,50.05479221107646,4130.0,0.0,0.0,0.0
4140.0,60.765625,0.0,4140.0,76.2,49.82480846990965,4140.0,0.0,0.0,0.0
4150.0,61.078125,0.0,4150.0,75.9,49.1015687699053,4150.0,0.0,0.0,0.0
4160.0,61.390625,0.0,4160.0,75.8,49.0206487438435,4160.0,0.0,0.0,0.0
4170.0,61.75,0.0,4170.0,75.7,48.87869735347331,4170.0,0.0,0.0,0.0
4180.0,62.0,0.0,4180.0,75.7,48.72985062030551,4180.0,0.0,0.0,0.0
4190.0,62.3125,0.0,4190.0,75.7,48.72985062030551,4190.0,0.0,0.0,0.0
4200.0,62.65625,0.0,4200.0,75.7,48.627964990909476,4200.0,0.0,0.0,0.0
4210.0,62.984375,0.0,4210.0,75.5,48.27819155224536,4210.0,0.0,0.0,0.0
4220.0,63.296875,0.0,4220.0,75.6,48.312750227720464,4220.0,0.0,0.0,0.0
4230.0,63.59375,0.0,4230.0,75.7,48.568380771770606,4230.0,0.0,0.0,0.0
4240.0,63.9375,0.0,4240.0,76.0,49.17149537460608,4240.0,0.0,0.0,0.0
4250.0,64.25,0.0,4250.0,75.9,48.833140838372174,4250.0,0.0,0.0,0.0
4260.0,64.59375,0.0,4260.0,76.0,49.06621392190152,4260.0,0.0,0.0,0.0
4270.0,64.921875,0.0,4270.0,76.0,49.09041542221016,4270.0,0.0,0.0,0.0
4280.0,65.265625,0.0,4280.0,75.9,49.02922888202699,4280.0,0.0,0.0,0.0
4290.0,65.578125,0.0,4290.0,75.9,48.9112369840247,4290.0,0.0,0.0,0.0
4300.0,65.90625,0.0,4300.0,75.9,48.96403340844021,4300.0,0.0,0.0,0.0
4310.0,66.234375,0.0,4310.0,75.9,48.96403340844021,4310.0,0.0,0.0,0.0
4320.0,66.546875,0.0,4320.0,76.2,49.5146619603584,4320.0,0.0,0.0,0.0
4330.0,66.84375,0.0,4330.0,76.1,49.310710498409335,4330.0,0.0,0.0,0.0
4340.0,67.09375,0.0,4340.0,75.8,48.73641620946046,4340.0,0.0,0.0,0.0
4350.0,67.453125,0.0,4350.0,75.7,48.330852647246445,4350.0,0.0,0.0,0.0
4360.0,67.796875,0.0,4360.0,75.8,48.61908482521996,4360.0,0.0,0.0,0.0
4370.0,68.125,0.0,4370.0,76.0,49.0860954126572,4370.0,0.0,0.0,0.0
4380.0,68.515625,0.0,4380.0,75.7,48.56620355083691,4380.0,0.0,0.0,0.0
4390.0,68.75,0.0,4390.0,75.9,48.88523143749152,4390.0,0.0,0.0,0.0
4400.0,69.03125,0.0,4400.0,75.8,48.70446991792715,4400.0,0.0,0.0,0.0
4410.0,69.34375,0.0,4410.0,75.6,48.23753033620149,4410.0,0.0,0.0,1.0
4420.0,69.6875,0.0,4420.0,75.5,47.94941958291552,4420.0,0.0,0.0,0.0
4430.0,70.0,0.0,4430.0,75.2,47.48944495496373,4430.0,0.0,0.0,0.0
4440.0,70.28125,0.0,4440.0,75.2,47.57203560027906,4440.0,0.0,0.0,0.0
4450.0,70.59375,0.0,4450.0,75.2,47.71660714511594,4450.0,0.0,0.0,0.0
4460.0,70.875,0.0,4460.0,75.2,47.81781684895361,4460.0,0.0,0.0,0.0
4470.0,71.203125,0.0,4470.0,75.0,47.29496688015719,4470.0,0.0,0.0,0.0
4480.0,71.5,0.0,4480.0,74.7,46.58931617435949,4480.0,0.0,0.0,0.0
4490.0,71.796875,0.0,4490.0,74.9,46.90527562719466,4490.0,0.0,0.0,0.0
4500.0,72.140625,0.0,4500.0,74.9,47.05266888300117,4500.0,0.0,0.0,0.0
4510.0,72.3125,0.0,4510.0,74.8,46.832526678678576,4510.0,0.0,0.0,0.0
4520.0,72.609375,0.0,4520.0,74.6,46.52721638372406,4520.0,0.0,0.0,0.0
4530.0,72.90625,0.0,4530.0,74.5,46.36141050559104,4530.0,0.0,0.0,0.0
4540.0,73.28125,0.0,4540.0,74.5,46.28457798636682,4540.0,0.0,0.0,0.0
4550.0,73.59375,0.0,4550.0,74.4,45.98859853072109,4550.0,0.0,0.0,0.0
4560.0,73.890625,0.0,4560.0,74.4,45.97697268460682,4560.0,0.0,0.0,0.0
4570.0,74.21875,0.0,4570.0,74.5,46.313528990694344,4570.0,0.0,0.0,0.0
4580.0,74.546875,0.0,4580.0,74.6,46.451686350239704,4580.0,0.0,0.0,0.0
4590.0,74.828125,0.0,4590.0,74.5,46.19799139167863,4590.0,0.0,0.0,0.0
4600.0,75.125,0.0,4600.0,74.4,46.030046085280965,4600.0,0.0,0.0,0.0
4610.0,75.421875,0.0,4610.0,74.4,46.02617730400756,4610.0,0.0,0.0,0.0
4620.0,75.765625,0.0,4620.0,74.5,46.16346040164169,4620.0,0.0,0.0,0.0
4630.0,76.0625,0.0,4630.0,74.7,46.518864255153645,4630.0,0.0,0.0,0.0
4640.0,76.359375,0.0,4640.0,74.8,46.69689995938811,4640.0,0.0,0.0,0.0
4650.0,76.625,0.0,4650.0,74.9,46.82068188174276,4650.0,0.0,0.0,0.0
4660.0,76.9375,0.0,4660.0,74.7,46.518864255153645,4660.0,0.0,0.0,0.0
4670.0,77.25,0.0,4670.0,74.8,46.723044397463,4670.0,0.0,0.0,0.0
4680.0,77.578125,0.0,4680.0,75.0,47.02424594311676,4680.0,0.0,0.0,0.0
4690.0,77.875,0.0,4690.0,75.3,47.72176975566806,4690.0,0.0,0.0,0.0
4700.0,78.1875,0.0,4700.0,75.3,47.54724994691017,4700.0,0.0,0.0,0.0
4710.0,78.4375,0.0,4710.0,75.1,47.09152104440063,4710.0,0.0,0.0,0.0
4720.0,78.734375,0.0,4720.0,75.3,47.46066995090657,4720.0,0.0,0.0,0.0
4730.0,79.078125,0.0,4730.0,75.4,47.639075723261875,4730.0,0.0,0.0,0.0
4740.0,79.421875,0.0,4740.0,75.3,47.36034507744636,4740.0,0.0,0.0,0.0
4750.0,79.71875,0.0,4750.0,75.2,47.109806865488295,4750.0,0.0,0.0,0.0
4760.0,80.015625,0.0,4760.0,75.4,47.65066394279878,4760.0,0.0,0.0,0.0
4770.0,80.34375,0.0,4770.0,75.1,47.161130964001664,4770.0,0.0,0.0,0.0
4780.0,80.703125,0.0,4780.0,75.1,47.048315753657704,4780.0,0.0,0.0,0.0
4790.0,81.015625,0.0,4790.0,74.9,46.52246908529985,4790.0,0.0,0.0,0.0
4800.0,81.34375,0.0,4800.0,75.2,47.21427598419834,4800.0,0.0,0.0,0.0
4810.0,81.640625,0.0,4810.0,75.1,46.86344973581105,4810.0,0.0,0.0,0.0
4820.0,81.96875,0.0,4820.0,75.3,47.21500376119812,4820.0,0.0,0.0,0.0
4830.0,82.28125,0.0,4830.0,75.5,47.49249892841835,4830.0,0.0,0.0,0.0
4840.0,82.578125,0.0,4840.0,75.6,47.56296742026992,4840.0,0.0,0.0,0.0
4850.0,82.875,0.0,4850.0,75.7,47.90818120235635,4850.0,0.0,0.0,0.0
4860.0,83.1875,0.0,4860.0,75.6,47.79185210544335,4860.0,0.0,0.0,0.0
4870.0,83.421875,0.0,4870.0,75.2,47.08204416942281,4870.0,0.0,0.0,0.0
4880.0,83.71875,0.0,4880.0,75.4,47.46620539432379,4880.0,0.0,0.0,0.0
4890.0,83.984375,0.0,4890.0,75.4,47.33146067415729,4890.0,0.0,0.0,0.0
4900.0,84.3125,0.0,4900.0,75.7,47.816003092385,4900.0,0.0,0.0,0.0
4910.0,84.640625,0.0,4910.0,75.7,47.87644787644787,4910.0,0.0,0.0,0.0
4920.0,84.953125,0.0,4920.0,75.8,48.18785968758563,4920.0,0.0,0.0,0.0
4930.0,85.265625,0.0,4930.0,75.8,48.320413436692505,4930.0,0.0,0.0,0.0
4940.0,85.59375,0.0,4940.0,76.1,48.98177005507407,4940.0,0.0,0.0,0.0
4950.0,85.90625,0.0,4950.0,76.1,49.02312089412167,4950.0,0.0,0.0,0.0
4960.0,86.234375,0.0,4960.0,76.2,49.242475943492806,4960.0,0.0,0.0,0.0
4970.0,86.546875,0.0,4970.0,76.0,48.745109429191366,4970.0,0.0,0.0,0.0
4980.0,86.859375,0.0,4980.0,75.7,48.15491226872397,4980.0,0.0,0.0,0.0
4990.0,87.171875,0.0,4990.0,76.0,48.78907500266724,4990.0,0.0,0.0,0.0
5000.0,87.484375,0.0,5000.0,76.0,48.600872928508096,5000.0,0.0,0.0,0.0
5010.0,87.796875,0.0,5010.0,76.1,48.894496001368516,5010.0,0.0,0.0,0.0
5020.0,88.15625,0.0,5020.0,76.2,49.04425870101397,5020.0,0.0,0.0,0.0
5030.0,88.46875,0.0,5030.0,76.2,49.17462147906122,5030.0,0.0,0.0,0.0
5040.0,88.765625,0.0,5040.0,76.0,48.763492280366165,5040.0,0.0,0.0,0.0
5050.0,89.109375,0.0,5050.0,75.8,48.46743866134589,5050.0,0.0,0.0,0.0
5060.0,89.40625,0.0,5060.0,75.8,48.37795866823666,5060.0,0.0,0.0,0.0
5070.0,89.734375,0.0,5070.0,75.7,48.226932222023365,5070.0,0.0,0.0,0.0
5080.0,90.046875,0.0,5080.0,75.8,48.43163995908626,5080.0,0.0,0.0,0.0
5090.0,90.375,0.0,5090.0,75.6,48.13211854786938,5090.0,0.0,0.0,0.0
5100.0,90.671875,0.0,5100.0,75.6,48.034688974835156,5100.0,0.0,0.0,0.0
5110.0,90.953125,0.0,5110.0,75.8,48.47577722799682,5110.0,0.0,0.0,0.0
5120.0,91.28125,0.0,5120.0,75.9,48.59653613172938,5120.0,0.0,0.0,0.0
5130.0,91.59375,0.0,5130.0,76.1,49.09434798166545,5130.0,0.0,0.0,0.0
5140.0,91.9375,0.0,5140.0,76.0,48.861093946432,5140.0,0.0,0.0,0.0
5150.0,92.21875,0.0,5150.0,76.2,49.319216534712076,5150.0,0.0,0.0,0.0
5160.0,92.546875,0.0,5160.0,76.3,49.400059780520095,5160.0,0.0,0.0,0.0
5170.0,92.921875,0.0,5170.0,76.1,48.932496880395206,5170.0,0.0,0.0,0.0
5180.0,93.21875,0.0,5180.0,75.7,48.34403299179456,5180.0,0.0,0.0,0.0
5190.0,93.546875,0.0,5190.0,75.5,47.95649587900416,5190.0,0.0,0.0,0.0
5200.0,93.890625,0.0,5200.0,75.4,47.89460306701686,5200.0,0.0,0.0,0.0
5210.0,94.171875,0.0,5210.0,75.4,47.98560512193781,5210.0,0.0,0.0,0.0
5220.0,94.53125,0.0,5220.0,75.4,48.03987833727611,5220.0,0.0,0.0,0.0
5230.0,94.875,0.0,5230.0,75.4,48.07497467071935,5230.0,0.0,0.0,0.0
5240.0,95.171875,0.0,5240.0,75.3,48.1279873659098,5240.0,0.0,0.0,0.0
5250.0,95.515625,0.0,5250.0,75.1,47.77859803362304,5250.0,0.0,0.0,0.0
5260.0,95.890625,0.0,5260.0,75.1,47.89922999665216,5260.0,0.0,0.0,0.0
5270.0,96.203125,0.0,5270.0,75.0,47.7050901773425,5270.0,0.0,0.0,0.0
5280.0,96.5,0.0,5280.0,75.2,47.95317464648033,5280.0,0.0,0.0,0.0
5290.0,96.8125,0.0,5290.0,75.0,47.60425704932326,5290.0,0.0,0.0,0.0
5300.0,97.109375,0.0,5300.0,75.1,47.72729181186863,5300.0,0.0,0.0,0.0
5310.0,97.390625,0.0,5310.0,75.1,47.747036900245114,5310.0,0.0,0.0,0.0
5320.0,97.71875,0.0,5320.0,74.9,47.327334385387644,5320.0,0.0,0.0,0.0
5330.0,98.125,0.0,5330.0,74.9,47.347664837470006,5330.0,0.0,0.0,0.0
5340.0,98.4375,0.0,5340.0,75.1,47.80880836400526,5340.0,0.0,0.0,0.0
5350.0,98.765625,0.0,5350.0,75.2,48.134298704612284,5350.0,0.0,0.0,0.0
5360.0,99.109375,0.0,5360.0,75.2,48.08413719185424,5360.0,0.0,0.0,0.0
5370.0,99.390625,0.0,5370.0,75.2,48.01274526245179,5370.0,0.0,0.0,0.0
5380.0,99.703125,0.0,5380.0,75.4,48.473474312141825,5380.0,0.0,0.0,0.0
5390.0,100.078125,0.0,5390.0,75.1,47.919281160584305,5390.0,0.0,0.0,0.0
5400.0,100.375,0.0,5400.0,75.3,48.237562345446165,5400.0,0.0,0.0,0.0
5410.0,100.6875,0.0,5410.0,75.6,48.72333718608806,5410.0,0.0,0.0,0.0
5420.0,101.015625,0.0,5420.0,75.9,49.351872089308834,5420.0,0.0,0.0,0.0
5430.0,101.34375,0.0,5430.0,76.2,49.99747886448056,5430.0,0.0,0.0,0.0
5440.0,101.65625,0.0,5440.0,76.2,49.88313083029755,5440.0,0.0,0.0,0.0
5450.0,101.96875,0.0,5450.0,76.5,50.347357211676616,5450.0,0.0,0.0,0.0
5460.0,102.234375,0.0,5460.0,76.4,50.13838710358962,5460.0,0.0,0.0,0.0
5470.0,102.5625,0.0,5470.0,76.7,50.754533541869215,5470.0,0.0,0.0,0.0
5480.0,102.875,0.0,5480.0,76.9,51.22713376011352,5480.0,0.0,0.0,0.0
5490.0,103.15625,0.0,5490.0,76.9,51.22713376011352,5490.0,0.0,0.0,0.0
5500.0,103.46875,0.0,5500.0,77.10000000000001,51.463718599781274,5500.0,0.0,0.0,0.0
5510.0,103.734375,0.0,5510.0,77.3,51.821446460255885,5510.0,0.0,0.0,0.0
5520.0,104.046875,0.0,5520.0,77.5,52.1947902944801,5520.0,0.0,0.0,0.0
5530.0,104.359375,0.0,5530.0,77.4,51.868195525871904,5530.0,0.0,0.0,0.0
5540.0,104.671875,0.0,5540.0,77.5,52.1947902944801,5540.0,0.0,0.0,0.0
5550.0,105.0,0.0,5550.0,77.60000000000001,52.389049481380724,5550.0,0.0,0.0,0.0
5560.0,105.3125,0.0,5560.0,77.8,52.74826317940335,5560.0,0.0,0.0,0.0
5570.0,105.609375,0.0,5570.0,77.3,51.65028030057764,5570.0,0.0,0.0,0.0
5580.0,105.953125,0.0,5580.0,77.10000000000001,51.330029159475984,5580.0,0.0,0.0,0.0
5590.0,106.203125,0.0,5590.0,77.0,51.15113414323338,5590.0,0.0,0.0,0.0
5600.0,106.53125,0.0,5600.0,77.2,51.61290322580645,5600.0,0.0,0.0,0.0
5610.0,106.828125,0.0,5610.0,77.2,51.64984307405208,5610.0,0.0,0.0,0.0
5620.0,107.15625,0.0,5620.0,77.10000000000001,51.506886445645364,5620.0,0.0,0.0,0.0
5630.0,107.46875,0.0,5630.0,77.2,51.59872798060553,5630.0,0.0,0.0,0.0
5640.0,107.75,0.0,5640.0,77.2,51.64984307405208,5640.0,0.0,0.0,0.0
5650.0,108.03125,0.0,5650.0,77.2,51.64984307405208,5650.0,0.0,0.0,0.0
5660.0,108.34375,0.0,5660.0,77.0,51.174155419031884,5660.0,0.0,0.0,0.0
5670.0,108.6875,0.0,5670.0,77.10000000000001,51.35360195775199,5670.0,0.0,0.0,0.0
5680.0,108.984375,0.0,5680.0,77.0,51.47576953100277,5680.0,0.0,0.0,0.0
5690.0,109.328125,0.0,5690.0,77.0,51.37729108090397,5690.0,0.0,0.0,0.0
5700.0,109.65625,0.0,5700.0,77.2,51.84916116170235,5700.0,0.0,0.0,0.0
5710.0,109.953125,0.0,5710.0,77.5,52.45179668810914,5710.0,0.0,0.0,0.0
5720.0,110.265625,0.0,5720.0,77.10000000000001,51.6420583167213,5720.0,0.0,0.0,0.0
5730.0,110.59375,0.0,5730.0,77.10000000000001,51.54341625263443,5730.0,0.0,0.0,0.0
5740.0,110.9375,0.0,5740.0,77.3,51.953604537950305,5740.0,0.0,0.0,0.0
5750.0,111.203125,0.0,5750.0,77.7,52.73901764975163,5750.0,0.0,0.0,0.0
5760.0,111.53125,0.0,5760.0,77.8,52.93259608534889,5760.0,0.0,0.0,0.0
5770.0,111.84375,0.0,5770.0,77.9,53.014712135385665,5770.0,0.0,0.0,0.0
5780.0,112.15625,0.0,5780.0,77.8,52.89584464964694,5780.0,0.0,0.0,0.0
5790.0,112.46875,0.0,5790.0,77.8,52.945166281608344,5790.0,0.0,0.0,0.0
5800.0,112.78125,0.0,5800.0,77.7,52.764244863376405,5800.0,0.0,0.0,0.0
5810.0,113.078125,0.0,5810.0,77.60000000000001,52.61926619088514,5810.0,0.0,0.0,0.0
5820.0,113.390625,0.0,5820.0,77.4,52.24491175873961,5820.0,0.0,0.0,0.0
5830.0,113.65625,0.0,5830.0,77.4,52.30618584548894,5830.0,0.0,0.0,0.0
5840.0,113.96875,0.0,5840.0,77.5,52.48673852079603,5840.0,0.0,0.0,0.0
5850.0,114.28125,0.0,5850.0,77.7,52.84854020772016,5850.0,0.0,0.0,0.0
5860.0,114.609375,0.0,5860.0,77.5,52.461440946545544,5860.0,0.0,0.0,0.0
5870.0,114.921875,0.0,5870.0,77.9,53.1878839228977,5870.0,0.0,0.0,0.0
5880.0,115.234375,0.0,5880.0,78.0,53.46535072319077,5880.0,0.0,0.0,0.0
5890.0,115.5625,0.0,5890.0,78.4,54.46208335968631,5890.0,0.0,0.0,0.0
5900.0,115.875,0.0,5900.0,78.0,53.691229960932255,5900.0,0.0,0.0,0.0
5910.0,116.1875,0.0,5910.0,78.0,53.736609902888944,5910.0,0.0,0.0,0.0
5920.0,116.5,0.0,5920.0,78.10000000000001,53.9176325025882,5920.0,0.0,0.0,0.0
5930.0,116.796875,0.0,5930.0,78.3,54.23485743209044,5930.0,0.0,0.0,0.0
5940.0,117.125,0.0,5940.0,78.0,53.47814318581676,5940.0,0.0,0.0,0.0
5950.0,117.421875,0.0,5950.0,78.2,53.96104005811891,5950.0,0.0,0.0,0.0
5960.0,117.703125,0.0,5960.0,78.0,53.49132190347336,5960.0,0.0,0.0,0.0
5970.0,118.015625,0.0,5970.0,78.10000000000001,53.779916423958475,5970.0,0.0,0.0,0.0
5980.0,118.359375,0.0,5980.0,78.60000000000001,54.83860075634793,5980.0,0.0,0.0,0.0
5990.0,118.6875,0.0,5990.0,78.7,55.02077913302025,5990.0,0.0,0.0,0.0
6000.0,118.984375,0.0,6000.0,78.4,54.49470158215182,6000.0,0.0,0.0,0.0
6010.0,119.296875,0.0,6010.0,78.2,54.16296956673493,6010.0,0.0,0.0,0.0
6020.0,119.625,0.0,6020.0,78.0,53.948112081922126,6020.0,0.0,0.0,0.0
6030.0,119.9375,0.0,6030.0,78.10000000000001,54.07611202912288,6030.0,0.0,0.0,0.0
6040.0,120.25,0.0,6040.0,78.4,54.63557243186936,6040.0,0.0,0.0,0.0
6050.0,120.5625,0.0,6050.0,78.3,54.31040291065895,6050.0,0.0,0.0,0.0
6060.0,120.90625,0.0,6060.0,78.10000000000001,54.087665305369434,6060.0,0.0,0.0,0.0
6070.0,121.21875,0.0,6070.0,78.2,54.263175562269225,6070.0,0.0,0.0,0.0
6080.0,121.515625,0.0,6080.0,78.3,54.41406315647951,6080.0,0.0,0.0,0.0
6090.0,121.8125,0.0,6090.0,78.10000000000001,54.094594481289896,6090.0,0.0,0.0,0.0
6100.0,122.140625,0.0,6100.0,78.3,54.457689724647416,6100.0,0.0,0.0,0.0
6110.0,122.453125,0.0,6110.0,78.3,54.36996913138926,6110.0,0.0,0.0,0.0
6120.0,122.765625,0.0,6120.0,78.2,54.348991489646856,6120.0,0.0,0.0,0.0
6130.0,123.0625,0.0,6130.0,78.0,53.930174897808755,6130.0,0.0,0.0,0.0
6140.0,123.359375,0.0,6140.0,77.9,53.73588002311113,6140.0,0.0,0.0,0.0
6150.0,123.671875,0.0,6150.0,77.8,53.572026100050195,6150.0,0.0,0.0,0.0
6160.0,123.984375,0.0,6160.0,77.8,53.517587939698494,6160.0,0.0,0.0,0.0
6170.0,124.296875,0.0,6170.0,77.7,53.19334715843739,6170.0,0.0,0.0,0.0
6180.0,124.625,0.0,6180.0,77.8,53.31976382323751,6180.0,0.0,0.0,0.0
6190.0,124.9375,0.0,6190.0,77.8,53.263945028294266,6190.0,0.0,0.0,0.0
6200.0,125.25,0.0,6200.0,77.5,52.604039399735434,6200.0,0.0,0.0,0.0
6210.0,125.578125,0.0,6210.0,77.60000000000001,52.7864429643369,6210.0,0.0,0.0,0.0
6220.0,125.921875,0.0,6220.0,77.4,52.375533667968966,6220.0,0.0,0.0,0.0
6230.0,126.234375,0.0,6230.0,77.60000000000001,52.70370135765715,6230.0,0.0,0.0,0.0
6240.0,126.546875,0.0,6240.0,77.60000000000001,52.64570957444561,6240.0,0.0,0.0,0.0
6250.0,126.859375,0.0,6250.0,77.8,53.03932850470454,6250.0,0.0,0.0,0.0
6260.0,127.1875,0.0,6260.0,77.7,52.69410267288927,6260.0,0.0,0.0,0.0
6270.0,127.515625,0.0,6270.0,77.9,53.118370810352154,6270.0,0.0,0.0,0.0
6280.0,127.8125,0.0,6280.0,77.5,52.261327856469975,6280.0,0.0,0.0,0.0
6290.0,128.125,0.0,6290.0,77.8,52.91802221760358,6290.0,0.0,0.0,0.0
6300.0,128.46875,0.0,6300.0,77.9,53.205725417125436,6300.0,0.0,0.0,0.0
6310.0,128.734375,0.0,6310.0,77.8,52.974271418948405,6310.0,0.0,0.0,0.0
6320.0,129.046875,0.0,6320.0,77.8,52.91802221760358,6320.0,0.0,0.0,0.0
6330.0,129.328125,0.0,6330.0,77.8,52.9262086513995,6330.0,0.0,0.0,0.0
6340.0,129.65625,0.0,6340.0,77.4,52.118644067796616,6340.0,0.0,0.0,0.0
6350.0,129.96875,0.0,6350.0,77.4,52.078032230704,6350.0,0.0,0.0,0.0
6360.0,130.265625,0.0,6360.0,77.3,51.935292623020246,6360.0,0.0,0.0,0.0
6370.0,130.578125,0.0,6370.0,77.0,51.434785362866606,6370.0,0.0,0.0,0.0
6380.0,130.9375,0.0,6380.0,77.3,52.172264127091154,6380.0,0.0,0.0,0.0
6390.0,131.25,0.0,6390.0,77.60000000000001,52.79420380259548,6390.0,0.0,0.0,0.0
6400.0,131.5625,0.0,6400.0,77.5,52.64752925330416,6400.0,0.0,0.0,0.0
6410.0,131.875,0.0,6410.0,77.2,52.19644744125196,6410.0,0.0,0.0,0.0
6420.0,132.234375,0.0,6420.0,77.0,51.85565068134721,6420.0,0.0,0.0,0.0
6430.0,132.515625,0.0,6430.0,77.2,52.18702422943519,6430.0,0.0,0.0,0.0
6440.0,132.796875,0.0,6440.0,77.4,52.66896759709145,6440.0,0.0,0.0,0.0
6450.0,133.09375,0.0,6450.0,77.2,52.46216780854765,6450.0,0.0,0.0,0.0
6460.0,133.421875,0.0,6460.0,77.0,52.05536562995081,6460.0,0.0,0.0,0.0
6470.0,133.71875,0.0,6470.0,76.7,51.48744086881205,6470.0,0.0,0.0,0.0
6480.0,134.015625,0.0,6480.0,76.8,51.721382433242326,6480.0,0.0,0.0,0.0
6490.0,134.328125,0.0,6490.0,76.5,51.1840465309514,6490.0,0.0,0.0,0.0
6500.0,134.65625,0.0,6500.0,76.4,51.031655130056606,6500.0,0.0,0.0,0.0
6510.0,134.984375,0.0,6510.0,76.3,50.778816199376955,6510.0,0.0,0.0,0.0
6520.0,135.265625,0.0,6520.0,76.4,50.99158965839477,6520.0,0.0,0.0,0.0
6530.0,135.59375,0.0,6530.0,76.6,51.49575484213319,6530.0,0.0,0.0,0.0
6540.0,135.921875,0.0,6540.0,76.6,51.44664110353071,6540.0,0.0,0.0,0.0
6550.0,136.234375,0.0,6550.0,76.6,51.48589981216336,6550.0,0.0,0.0,0.0
6560.0,136.53125,0.0,6560.0,76.6,51.40691516976431,6560.0,0.0,0.0,0.0
6570.0,136.859375,0.0,6570.0,77.0,52.2077922077922,6570.0,0.0,0.0,0.0
6580.0,137.1875,0.0,6580.0,77.10000000000001,52.38134846039958,6580.0,0.0,0.0,0.0
6590.0,137.484375,0.0,6590.0,77.10000000000001,52.47937314275279,6590.0,0.0,0.0,0.0
6600.0,137.796875,0.0,6600.0,76.8,51.8130345741477,6600.0,0.0,0.0,0.0
6610.0,138.0625,0.0,6610.0,76.7,51.57978736668856,6610.0,0.0,0.0,0.0
6620.0,138.34375,0.0,6620.0,76.4,51.04546963159643,6620.0,0.0,0.0,0.0
6630.0,138.65625,0.0,6630.0,76.1,50.54176427252936,6630.0,0.0,0.0,0.0
6640.0,138.953125,0.0,6640.0,76.2,50.73524541299596,6640.0,0.0,0.0,0.0
6650.0,139.25,0.0,6650.0,76.3,50.99458252346884,6650.0,0.0,0.0,0.0
6660.0,139.59375,0.0,6660.0,76.5,51.471948721337476,6660.0,0.0,0.0,0.0
6670.0,139.890625,0.0,6670.0,76.5,51.65365086941136,6670.0,0.0,0.0,0.0
6680.0,140.1875,0.0,6680.0,76.3,51.05894402960418,6680.0,0.0,0.0,0.0
6690.0,140.484375,0.0,6690.0,76.1,50.75820009889567,6690.0,0.0,0.0,0.0
6700.0,140.84375,0.0,6700.0,75.9,50.395191832702125,6700.0,0.0,0.0,0.0
6710.0,141.140625,0.0,6710.0,75.8,50.115435356200535,6710.0,0.0,0.0,0.0
6720.0,141.5,0.0,6720.0,76.1,50.74642860086884,6720.0,0.0,0.0,0.0
6730.0,141.859375,0.0,6730.0,76.3,51.14731660661429,6730.0,0.0,0.0,0.0
6740.0,142.203125,0.0,6740.0,76.2,50.88023445400698,6740.0,0.0,0.0,0.0
6750.0,142.5,0.0,6750.0,75.9,50.311737151151284,6750.0,0.0,0.0,0.0
6760.0,142.859375,0.0,6760.0,75.7,49.936545085952574,6760.0,0.0,0.0,0.0
6770.0,143.125,0.0,6770.0,75.7,49.94768193914627,6770.0,0.0,0.0,0.0
6780.0,143.421875,0.0,6780.0,75.6,49.733008108642636,6780.0,0.0,0.0,0.0
6790.0,143.765625,0.0,6790.0,76.0,50.6637777567642,6790.0,0.0,0.0,0.0
6800.0,144.09375,0.0,6800.0,75.5,49.66966868261898,6800.0,0.0,0.0,0.0
6810.0,144.390625,0.0,6810.0,75.2,49.1355087474619,6810.0,0.0,0.0,0.0
6820.0,144.6875,0.0,6820.0,75.4,49.53390665003611,6820.0,0.0,0.0,0.0
6830.0,145.03125,0.0,6830.0,75.4,49.498889386144626,6830.0,0.0,0.0,0.0
6840.0,145.390625,0.0,6840.0,75.4,49.63619315134118,6840.0,0.0,0.0,0.0
6850.0,145.703125,0.0,6850.0,75.2,49.19282143735147,6850.0,0.0,0.0,0.0
6860.0,146.015625,0.0,6860.0,75.4,49.63619315134118,6860.0,0.0,0.0,0.0
6870.0,146.328125,0.0,6870.0,75.5,49.85180697244101,6870.0,0.0,0.0,0.0
6880.0,146.671875,0.0,6880.0,75.3,49.420485727157306,6880.0,0.0,0.0,0.0
6890.0,146.984375,0.0,6890.0,75.1,48.94192913385827,6890.0,0.0,0.0,0.0
6900.0,147.28125,0.0,6900.0,75.4,49.48748275182338,6900.0,0.0,0.0,0.0
6910.0,147.59375,0.0,6910.0,75.5,49.645255966523344,6910.0,0.0,0.0,0.0
6920.0,147.90625,0.0,6920.0,75.1,48.83491554678831,6920.0,0.0,0.0,0.0
6930.0,148.21875,0.0,6930.0,75.1,48.94192913385827,6930.0,0.0,0.0,0.0
6940.0,148.515625,0.0,6940.0,75.4,49.60255674834057,6940.0,0.0,0.0,0.0
6950.0,148.8125,0.0,6950.0,75.5,49.71594640746092,6950.0,0.0,0.0,0.0
6960.0,149.15625,0.0,6960.0,75.8,50.285141420283665,6960.0,0.0,0.0,0.0
6970.0,149.453125,0.0,6970.0,75.8,50.213956550362084,6970.0,0.0,0.0,0.0
6980.0,149.765625,0.0,6980.0,75.9,50.39600862821294,6980.0,0.0,0.0,0.0
6990.0,150.0625,0.0,6990.0,75.8,50.129621768214015,6990.0,0.0,0.0,0.0
7000.0,150.40625,0.0,7000.0,76.2,50.73850841171016,7000.0,0.0,0.0,0.0
7010.0,150.71875,0.0,7010.0,76.3,50.81191472404862,7010.0,0.0,0.0,0.0
7020.0,151.046875,0.0,7020.0,76.4,50.96409574468086,7020.0,0.0,0.0,0.0
7030.0,151.375,0.0,7030.0,76.3,50.823753994273154,7030.0,0.0,0.0,0.0
7040.0,151.703125,0.0,7040.0,76.3,50.89222812528491,7040.0,0.0,0.0,0.0
7050.0,152.03125,0.0,7050.0,76.4,51.163993792033104,7050.0,0.0,0.0,0.0
7060.0,152.328125,0.0,7060.0,76.3,50.98241985522234,7060.0,0.0,0.0,0.0
7070.0,152.640625,0.0,7070.0,76.3,50.98241985522234,7070.0,0.0,0.0,0.0
7080.0,152.96875,0.0,7080.0,76.2,50.85183273102737,7080.0,0.0,0.0,0.0
7090.0,153.265625,0.0,7090.0,76.5,51.446280991735534,7090.0,0.0,0.0,0.0
7100.0,153.578125,0.0,7100.0,76.2,50.988467874794075,7100.0,0.0,0.0,0.0
7110.0,153.921875,0.0,7110.0,76.0,50.625411454904544,7110.0,0.0,0.0,0.0
7120.0,154.234375,0.0,7120.0,76.0,50.45171519645895,7120.0,0.0,0.0,0.0
7130.0,154.515625,0.0,7130.0,76.2,50.86461756982179,7130.0,0.0,0.0,0.0
7140.0,154.8125,0.0,7140.0,76.4,51.31511088189789,7140.0,0.0,0.0,0.0
7150.0,155.140625,0.0,7150.0,76.4,51.252561306100866,7150.0,0.0,0.0,0.0
7160.0,155.453125,0.0,7160.0,76.3,51.085610501114495,7160.0,0.0,0.0,0.0
7170.0,155.75,0.0,7170.0,76.4,51.41533710756563,7170.0,0.0,0.0,0.0
7180.0,156.09375,0.0,7180.0,76.7,52.04419343684652,7180.0,0.0,0.0,0.0
7190.0,156.390625,0.0,7190.0,76.9,52.407245636300715,7190.0,0.0,0.0,0.0
7200.0,156.71875,0.0,7200.0,77.0,52.58905013192613,7200.0,0.0,0.0,0.0
7210.0,157.015625,0.0,7210.0,77.0,52.479142475795356,7210.0,0.0,0.0,0.0
7220.0,157.375,0.0,7220.0,76.8,52.05343561933735,7220.0,0.0,0.0,0.0
7230.0,157.6875,0.0,7230.0,76.9,52.27272727272727,7230.0,0.0,0.0,0.0
7240.0,157.984375,0.0,7240.0,76.9,52.17114035596268,7240.0,0.0,0.0,0.0
7250.0,158.296875,0.0,7250.0,77.10000000000001,52.57228067268661,7250.0,0.0,0.0,0.0
7260.0,158.640625,0.0,7260.0,77.3,52.98649656200812,7260.0,0.0,0.0,0.0
7270.0,158.953125,0.0,7270.0,77.10000000000001,52.64877383069353,7270.0,0.0,0.0,0.0
7280.0,159.265625,0.0,7280.0,77.5,53.475869484305875,7280.0,0.0,0.0,0.0
7290.0,159.578125,0.0,7290.0,77.4,53.16799840854084,7290.0,0.0,0.0,0.0
7300.0,159.875,0.0,7300.0,77.4,53.11670207116305,7300.0,0.0,0.0,0.0
7310.0,160.1875,0.0,7310.0,77.5,53.16753948496782,7310.0,0.0,0.0,0.0
7320.0,160.515625,0.0,7320.0,77.8,53.88431194147047,7320.0,0.0,0.0,0.0
7330.0,160.84375,0.0,7330.0,78.0,54.337899543378995,7330.0,0.0,0.0,0.0
7340.0,161.1875,0.0,7340.0,78.3,54.94747332143006,7340.0,0.0,0.0,0.0
7350.0,161.5,0.0,7350.0,78.3,54.984856656847704,7350.0,0.0,0.0,0.0
7360.0,161.8125,0.0,7360.0,78.4,55.33646529477934,7360.0,0.0,0.0,0.0
7370.0,162.109375,0.0,7370.0,78.60000000000001,55.67889984259797,7370.0,0.0,0.0,0.0
7380.0,162.4375,0.0,7380.0,78.4,55.240210868339915,7380.0,0.0,0.0,0.0
7390.0,162.765625,0.0,7390.0,78.4,55.16588622098237,7390.0,0.0,0.0,0.0
7400.0,163.078125,0.0,7400.0,78.5,55.336740205243274,7400.0,0.0,0.0,0.0
7410.0,163.375,0.0,7410.0,78.60000000000001,55.47065849324362,7410.0,0.0,0.0,0.0
7420.0,163.71875,0.0,7420.0,78.5,55.170975813177655,7420.0,0.0,0.0,0.0
7430.0,164.015625,0.0,7430.0,78.3,54.76565691939533,7430.0,0.0,0.0,0.0
7440.0,164.328125,0.0,7440.0,78.10000000000001,54.37690096245991,7440.0,0.0,0.0,0.0
7450.0,164.640625,0.0,7450.0,78.2,54.355108877721946,7450.0,0.0,0.0,0.0
7460.0,164.96875,0.0,7460.0,78.2,54.44990952665516,7460.0,0.0,0.0,0.0
7470.0,165.28125,0.0,7470.0,78.60000000000001,55.36552299509856,7470.0,0.0,0.0,0.0
7480.0,165.578125,0.0,7480.0,78.60000000000001,55.32582918601157,7480.0,0.0,0.0,0.0
7490.0,165.875,0.0,7490.0,78.7,55.50449133068729,7490.0,0.0,0.0,0.0
7500.0,166.234375,0.0,7500.0,78.7,55.51712903791696,7500.0,0.0,0.0,0.0
7510.0,166.515625,0.0,7510.0,78.8,55.84510797120769,7510.0,0.0,0.0,0.0
7520.0,166.828125,0.0,7520.0,78.5,55.1930242832968,7520.0,0.0,0.0,0.0
7530.0,167.140625,0.0,7530.0,78.5,55.153022060541346,7530.0,0.0,0.0,0.0
7540.0,167.46875,0.0,7540.0,78.5,55.09944949836688,7540.0,0.0,0.0,0.0
7550.0,167.796875,0.0,7550.0,78.60000000000001,55.30959590686019,7550.0,0.0,0.0,0.0
7560.0,168.140625,0.0,7560.0,78.4,54.984994998332795,7560.0,0.0,0.0,0.0
7570.0,168.453125,0.0,7570.0,78.60000000000001,55.269054546670695,7570.0,0.0,0.0,0.0
7580.0,168.8125,0.0,7580.0,78.8,55.77934728647892,7580.0,0.0,0.0,0.0
7590.0,169.09375,0.0,7590.0,78.8,55.76698380904691,7590.0,0.0,0.0,0.0
7600.0,169.375,0.0,7600.0,78.8,55.743344801095574,7600.0,0.0,0.0,0.0
7610.0,169.65625,0.0,7610.0,79.10000000000001,56.372532647540176,7610.0,0.0,0.0,0.0
7620.0,169.953125,0.0,7620.0,79.4,56.925393108062906,7620.0,0.0,0.0,0.0
7630.0,170.25,0.0,7630.0,79.60000000000001,57.20668750393322,7630.0,0.0,0.0,0.0
7640.0,170.578125,0.0,7640.0,79.4,56.78714522456001,7640.0,0.0,0.0,0.0
7650.0,170.859375,0.0,7650.0,78.8,55.486872826835544,7650.0,0.0,0.0,0.0
7660.0,171.1875,0.0,7660.0,78.60000000000001,55.07693599512984,7660.0,0.0,0.0,0.0
7670.0,171.46875,0.0,7670.0,78.4,54.43806952413096,7670.0,0.0,0.0,0.0
7680.0,171.78125,0.0,7680.0,78.7,55.043563420235046,7680.0,0.0,0.0,0.0
7690.0,172.09375,0.0,7690.0,78.60000000000001,54.724134575105055,7690.0,0.0,0.0,0.0
7700.0,172.4375,0.0,7700.0,78.3,53.97667020148463,7700.0,0.0,0.0,0.0
7710.0,172.75,0.0,7710.0,78.5,54.45880110146156,7710.0,0.0,0.0,0.0
7720.0,173.03125,0.0,7720.0,78.4,54.133310683116385,7720.0,0.0,0.0,0.0
7730.0,173.359375,0.0,7730.0,78.10000000000001,53.574941491707094,7730.0,0.0,0.0,0.0
7740.0,173.6875,0.0,7740.0,78.2,53.86419141704655,7740.0,0.0,0.0,0.0
7750.0,174.0,0.0,7750.0,78.4,54.28745571597273,7750.0,0.0,0.0,0.0
7760.0,174.296875,0.0,7760.0,78.4,54.3801401543472,7760.0,0.0,0.0,0.0
7770.0,174.609375,0.0,7770.0,78.5,54.60840778961947,7770.0,0.0,0.0,0.0
7780.0,174.9375,0.0,7780.0,78.8,55.09939553620218,7780.0,0.0,0.0,0.0
7790.0,175.25,0.0,7790.0,78.60000000000001,54.52130485601956,7790.0,0.0,0.0,0.0
7800.0,175.53125,0.0,7800.0,79.0,55.25345720312801,7800.0,0.0,0.0,0.0
7810.0,175.828125,0.0,7810.0,79.4,56.02819318565068,7810.0,0.0,0.0,0.0
7820.0,176.15625,0.0,7820.0,79.4,56.08556067653818,7820.0,0.0,0.0,0.0
7830.0,176.453125,0.0,7830.0,79.3,55.9293165850543,7830.0,0.0,0.0,0.0
7840.0,176.765625,0.0,7840.0,79.5,56.164735063935346,7840.0,0.0,0.0,0.0
7850.0,177.0625,0.0,7850.0,79.60000000000001,56.60516228392988,7850.0,0.0,0.0,0.0
7860.0,177.40625,0.0,7860.0,79.60000000000001,56.47442872687706,7860.0,0.0,0.0,0.0
7870.0,177.71875,0.0,7870.0,79.5,56.37406789471893,7870.0,0.0,0.0,0.0
7880.0,178.03125,0.0,7880.0,79.5,56.22239875628904,7880.0,0.0,0.0,0.0
7890.0,178.34375,0.0,7890.0,79.5,56.270211694838615,7890.0,0.0,0.0,0.0
7900.0,178.671875,0.0,7900.0,79.4,56.17021276595745,7900.0,0.0,0.0,0.0
7910.0,178.984375,0.0,7910.0,79.10000000000001,55.634992740271535,7910.0,0.0,0.0,0.0
7920.0,179.28125,0.0,7920.0,79.4,56.335209930136344,7920.0,0.0,0.0,0.0
7930.0,179.59375,0.0,7930.0,79.5,56.438589035274134,7930.0,0.0,0.0,0.0
7940.0,179.90625,0.0,7940.0,79.2,55.773475141716254,7940.0,0.0,0.0,0.0
7950.0,180.21875,0.0,7950.0,79.0,55.395072217502126,7950.0,0.0,0.0,0.0
7960.0,180.515625,0.0,7960.0,79.0,55.395072217502126,7960.0,0.0,0.0,0.0
7970.0,180.828125,0.0,7970.0,79.0,55.478856697039994,7970.0,0.0,0.0,0.0
7980.0,181.109375,0.0,7980.0,78.8,55.000275941704146,7980.0,0.0,0.0,0.0
7990.0,181.421875,0.0,7990.0,78.7,54.86178806655874,7990.0,0.0,0.0,0.0
8000.0,181.75,0.0,8000.0,78.60000000000001,54.857653948056786,8000.0,0.0,0.0,0.0
8010.0,182.09375,0.0,8010.0,78.4,54.57604306864066,8010.0,0.0,0.0,0.0
8020.0,182.390625,0.0,8020.0,78.4,54.61898859171798,8020.0,0.0,0.0,0.0
8030.0,182.71875,0.0,8030.0,78.8,55.40878783417118,8030.0,0.0,0.0,0.0
8040.0,183.03125,0.0,8040.0,78.7,55.138250012637116,8040.0,0.0,0.0,0.0
8050.0,183.421875,0.0,8050.0,78.7,55.050773633163665,8050.0,0.0,0.0,0.0
8060.0,183.71875,0.0,8060.0,79.3,56.21419929096617,8060.0,0.0,0.0,0.0
8070.0,184.046875,0.0,8070.0,79.10000000000001,55.73909360440492,8070.0,0.0,0.0,0.0
8080.0,184.359375,0.0,8080.0,79.10000000000001,55.77655522640712,8080.0,0.0,0.0,0.0
8090.0,184.71875,0.0,8090.0,79.10000000000001,55.72521671341294,8090.0,0.0,0.0,0.0
8100.0,185.03125,0.0,8100.0,79.4,56.29722975352487,8100.0,0.0,0.0,0.0
8110.0,185.359375,0.0,8110.0,79.4,56.37959073045129,8110.0,0.0,0.0,0.0
8120.0,185.734375,0.0,8120.0,79.3,56.27376425855515,8120.0,0.0,0.0,0.0
8130.0,186.03125,0.0,8130.0,79.2,56.043956043956044,8130.0,0.0,0.0,0.0
8140.0,186.359375,0.0,8140.0,79.10000000000001,55.857629237878804,8140.0,0.0,0.0,0.0
8150.0,186.6875,0.0,8150.0,78.9,55.571464667733515,8150.0,0.0,0.0,0.0
8160.0,187.03125,0.0,8160.0,78.8,55.42097737404323,8160.0,0.0,0.0,0.0
8170.0,187.359375,0.0,8170.0,78.9,55.528765090712895,8170.0,0.0,0.0,0.0
8180.0,187.65625,0.0,8180.0,78.7,55.114426602604624,8180.0,0.0,0.0,0.0
8190.0,187.984375,0.0,8190.0,78.8,55.30726256983242,8190.0,0.0,0.0,0.0
8200.0,188.3125,0.0,8200.0,78.8,55.39302532077045,8200.0,0.0,0.0,0.0
8210.0,188.640625,0.0,8210.0,78.5,54.78709981326022,8210.0,0.0,0.0,0.0
8220.0,188.9375,0.0,8220.0,78.7,55.2155959059065,8220.0,0.0,0.0,0.0
8230.0,189.25,0.0,8230.0,78.4,54.61898859171798,8230.0,0.0,0.0,0.0
8240.0,189.546875,0.0,8240.0,78.3,54.510389240134835,8240.0,0.0,0.0,0.0
8250.0,189.875,0.0,8250.0,78.3,54.59301109018624,8250.0,0.0,0.0,0.0
8260.0,190.1875,0.0,8260.0,78.5,55.01150868382507,8260.0,0.0,0.0,0.0
8270.0,190.5,0.0,8270.0,78.2,54.408566170319574,8270.0,0.0,0.0,0.0
8280.0,190.8125,0.0,8280.0,78.10000000000001,54.25606577100462,8280.0,0.0,0.0,0.0
8290.0,191.171875,0.0,8290.0,77.8,53.76541152949018,8290.0,0.0,0.0,0.0
8300.0,191.46875,0.0,8300.0,77.7,53.493222106360804,8300.0,0.0,0.0,0.0
8310.0,191.78125,0.0,8310.0,77.4,53.050277751232954,8310.0,0.0,0.0,0.0
8320.0,192.140625,0.0,8320.0,77.3,52.875233547851366,8320.0,0.0,0.0,0.0
8330.0,192.46875,0.0,8330.0,77.3,52.8364609477586,8330.0,0.0,0.0,0.0
8340.0,192.78125,0.0,8340.0,77.3,52.75754422476587,8340.0,0.0,0.0,0.0
8350.0,193.0625,0.0,8350.0,77.3,52.75754422476587,8350.0,0.0,0.0,0.0
8360.0,193.34375,0.0,8360.0,77.10000000000001,52.143710973091814,8360.0,0.0,0.0,0.0
8370.0,193.703125,0.0,8370.0,76.8,51.57607357097237,8370.0,0.0,0.0,0.0
8380.0,194.0,0.0,8380.0,76.9,51.61979441554199,8380.0,0.0,0.0,0.0
8390.0,194.296875,0.0,8390.0,76.7,51.28865548326671,8390.0,0.0,0.0,0.0
8400.0,194.59375,0.0,8400.0,76.5,51.02901582908919,8400.0,0.0,0.0,0.0
8410.0,194.921875,0.0,8410.0,76.6,51.26360557677649,8410.0,0.0,0.0,0.0
8420.0,195.21875,0.0,8420.0,76.8,51.73202954332675,8420.0,0.0,0.0,0.0
8430.0,195.515625,0.0,8430.0,76.9,51.955074875208,8430.0,0.0,0.0,0.0
8440.0,195.796875,0.0,8440.0,77.0,52.18851859243,8440.0,0.0,0.0,0.0
8450.0,196.15625,0.0,8450.0,76.9,52.09655344033843,8450.0,0.0,0.0,0.0
8460.0,196.40625,0.0,8460.0,77.2,52.61510580548085,8460.0,0.0,0.0,0.0
8470.0,196.71875,0.0,8470.0,77.0,52.17042302141518,8470.0,0.0,0.0,0.0
8480.0,197.015625,0.0,8480.0,77.0,52.32903741963298,8480.0,0.0,0.0,0.0
8490.0,197.328125,0.0,8490.0,76.7,51.74864564868044,8490.0,0.0,0.0,0.0
8500.0,197.640625,0.0,8500.0,77.0,52.296409371474084,8500.0,0.0,0.0,0.0
8510.0,197.890625,0.0,8510.0,76.7,51.75983436853002,8510.0,0.0,0.0,0.0
8520.0,198.203125,0.0,8520.0,76.7,51.73785160942873,8520.0,0.0,0.0,0.0
8530.0,198.5625,0.0,8530.0,76.8,51.95891659073967,8530.0,0.0,0.0,0.0
8540.0,198.890625,0.0,8540.0,76.8,52.11854787113286,8540.0,0.0,0.0,0.0
8550.0,199.171875,0.0,8550.0,76.9,52.31213872832371,8550.0,0.0,0.0,0.0
8560.0,199.484375,0.0,8560.0,77.2,52.90812954395242,8560.0,0.0,0.0,0.0
8570.0,199.8125,0.0,8570.0,77.0,52.577906252706164,8570.0,0.0,0.0,0.0
8580.0,200.125,0.0,8580.0,76.6,51.789157917291625,8580.0,0.0,0.0,0.0
8590.0,200.421875,0.0,8590.0,76.8,52.20121639663101,8590.0,0.0,0.0,0.0
8600.0,200.765625,0.0,8600.0,77.0,52.577906252706164,8600.0,0.0,0.0,0.0
8610.0,201.09375,0.0,8610.0,77.0,52.553253815337264,8610.0,0.0,0.0,0.0
8620.0,201.390625,0.0,8620.0,77.0,52.50583352262168,8620.0,0.0,0.0,0.0
8630.0,201.671875,0.0,8630.0,77.0,52.577906252706164,8630.0,0.0,0.0,0.0
8640.0,201.96875,0.0,8640.0,77.0,52.553253815337264,8640.0,0.0,0.0,0.0
8650.0,202.3125,0.0,8650.0,77.5,53.53697218000397,8650.0,0.0,0.0,0.0
8660.0,202.625,0.0,8660.0,77.9,54.31656758254025,8660.0,0.0,0.0,0.0
8670.0,202.921875,0.0,8670.0,77.7,53.94997687173727,8670.0,0.0,0.0,0.0
8680.0,203.203125,0.0,8680.0,77.4,53.34280240470372,8680.0,0.0,0.0,0.0
8690.0,203.53125,0.0,8690.0,77.7,53.90314285478043,8690.0,0.0,0.0,0.0
8700.0,203.796875,0.0,8700.0,77.9,54.35204692857438,8700.0,0.0,0.0,0.0
8710.0,204.109375,0.0,8710.0,77.7,53.90314285478043,8710.0,0.0,0.0,0.0
8720.0,204.421875,0.0,8720.0,77.8,54.27224902262082,8720.0,0.0,0.0,0.0
8730.0,204.78125,0.0,8730.0,78.0,54.616155823366086,8730.0,0.0,0.0,0.0
8740.0,205.109375,0.0,8740.0,77.9,54.398012496182645,8740.0,0.0,0.0,0.0
8750.0,205.40625,0.0,8750.0,77.9,54.33884297520662,8750.0,0.0,0.0,0.0
8760.0,205.703125,0.0,8760.0,77.7,53.85277586934749,8760.0,0.0,0.0,0.0
8770.0,206.03125,0.0,8770.0,77.60000000000001,53.507679535076804,8770.0,0.0,0.0,0.0
8780.0,206.3125,0.0,8780.0,77.7,53.80421272434995,8780.0,0.0,0.0,0.0
8790.0,206.59375,0.0,8790.0,77.9,54.302965137918214,8790.0,0.0,0.0,0.0
8800.0,206.921875,0.0,8800.0,77.9,54.29162357807653,8800.0,0.0,0.0,0.0
8810.0,207.265625,0.0,8810.0,77.8,54.06104500775996,8810.0,0.0,0.0,0.0
8820.0,207.5625,0.0,8820.0,77.7,53.84131347336872,8820.0,0.0,0.0,0.0
8830.0,207.875,0.0,8830.0,78.0,54.44964822705609,8830.0,0.0,0.0,0.0
8840.0,208.171875,0.0,8840.0,77.60000000000001,53.706765425567106,8840.0,0.0,0.0,0.0
8850.0,208.5,0.0,8850.0,77.7,53.80421272434995,8850.0,0.0,0.0,0.0
8860.0,208.78125,0.0,8860.0,77.7,53.793109164297626,8860.0,0.0,0.0,0.0
8870.0,209.078125,0.0,8870.0,77.8,53.94955194158647,8870.0,0.0,0.0,0.0
8880.0,209.390625,0.0,8880.0,77.9,54.18131758773968,8880.0,0.0,0.0,0.0
8890.0,209.734375,0.0,8890.0,77.7,53.74480406879787,8890.0,0.0,0.0,0.0
8900.0,210.046875,0.0,8900.0,77.7,53.71754001461115,8900.0,0.0,0.0,0.0
8910.0,210.359375,0.0,8910.0,77.8,53.94955194158647,8910.0,0.0,0.0,0.0
8920.0,210.65625,0.0,8920.0,77.60000000000001,53.55106272680147,8920.0,0.0,0.0,0.0
8930.0,211.0,0.0,8930.0,77.4,53.126037034578886,8930.0,0.0,0.0,0.0
8940.0,211.28125,0.0,8940.0,77.60000000000001,53.55106272680147,8940.0,0.0,0.0,0.0
8950.0,211.5625,0.0,8950.0,77.3,52.95336787564767,8950.0,0.0,0.0,0.0
8960.0,211.859375,0.0,8960.0,77.4,53.248601595339764,8960.0,0.0,0.0,0.0
8970.0,212.203125,0.0,8970.0,77.2,52.89353525753601,8970.0,0.0,0.0,0.0
8980.0,212.46875,0.0,8980.0,77.2,52.97728060189081,8980.0,0.0,0.0,0.0
8990.0,212.765625,0.0,8990.0,77.5,53.52583963316396,8990.0,0.0,0.0,0.0
9000.0,213.09375,0.0,9000.0,77.4,53.25923750511874,9000.0,0.0,0.0,0.0
9010.0,213.4375,0.0,9010.0,77.3,53.01802286594201,9010.0,0.0,0.0,0.0
9020.0,213.75,0.0,9020.0,77.4,53.17420851980772,9020.0,0.0,0.0,0.0
9030.0,214.03125,0.0,9030.0,77.10000000000001,52.50026964912426,9030.0,0.0,0.0,0.0
9040.0,214.3125,0.0,9040.0,77.3,52.99116979506635,9040.0,0.0,0.0,0.0
9050.0,214.625,0.0,9050.0,77.10000000000001,52.6146766210333,9050.0,0.0,0.0,0.0
9060.0,214.9375,0.0,9060.0,76.8,51.953345041253854,9060.0,0.0,0.0,0.0
9070.0,215.25,0.0,9070.0,76.8,51.953345041253854,9070.0,0.0,0.0,0.0
9080.0,215.546875,0.0,9080.0,76.8,51.92626483654931,9080.0,0.0,0.0,0.0
9090.0,215.875,0.0,9090.0,76.9,52.02890725588737,9090.0,0.0,0.0,0.0
9100.0,216.1875,0.0,9100.0,76.7,51.5318433708875,9100.0,0.0,0.0,0.0
9110.0,216.484375,0.0,9110.0,76.9,51.85333400030013,9110.0,0.0,0.0,0.0
9120.0,216.75,0.0,9120.0,77.0,52.04656903626115,9120.0,0.0,0.0,0.0
9130.0,217.09375,0.0,9130.0,77.0,52.07694359247901,9130.0,0.0,0.0,0.0
9140.0,217.390625,0.0,9140.0,77.2,52.399443825080496,9140.0,0.0,0.0,0.0
9150.0,217.671875,0.0,9150.0,77.60000000000001,53.224189776144335,9150.0,0.0,0.0,0.0
9160.0,217.953125,0.0,9160.0,77.7,53.28081789994135,9160.0,0.0,0.0,0.0
9170.0,218.296875,0.0,9170.0,77.9,53.74207754586025,9170.0,0.0,0.0,0.0
9180.0,218.609375,0.0,9180.0,77.9,53.72309238629701,9180.0,0.0,0.0,0.0
9190.0,218.921875,0.0,9190.0,77.9,53.89686248331109,9190.0,0.0,0.0,0.0
9200.0,219.234375,0.0,9200.0,78.10000000000001,54.24306751132433,9200.0,0.0,0.0,0.0
9210.0,219.578125,0.0,9210.0,78.3,54.72224076917942,9210.0,0.0,0.0,0.0
9220.0,219.890625,0.0,9220.0,78.3,54.79166666666667,9220.0,0.0,0.0,0.0
9230.0,220.1875,0.0,9230.0,78.3,54.92651151970356,9230.0,0.0,0.0,0.0
9240.0,220.5,0.0,9240.0,78.3,54.7754612069325,9240.0,0.0,0.0,0.0
9250.0,220.84375,0.0,9250.0,78.2,54.49706735686406,9250.0,0.0,0.0,0.0
9260.0,221.09375,0.0,9260.0,78.10000000000001,54.264854524646864,9260.0,0.0,0.0,0.0
9270.0,221.375,0.0,9270.0,78.4,54.8681774683555,9270.0,0.0,0.0,0.0
9280.0,221.6875,0.0,9280.0,78.4,54.79507098848112,9280.0,0.0,0.0,0.0
9290.0,222.046875,0.0,9290.0,78.4,54.79507098848112,9290.0,0.0,0.0,0.0
9300.0,222.34375,0.0,9300.0,78.3,54.744525547445264,9300.0,0.0,0.0,0.0
9310.0,222.671875,0.0,9310.0,78.60000000000001,55.27653313716312,9310.0,0.0,0.0,0.0
9320.0,222.984375,0.0,9320.0,78.4,54.76951297654298,9320.0,0.0,0.0,0.0
9330.0,223.328125,0.0,9330.0,78.3,54.5435502115715,9330.0,0.0,0.0,0.0
9340.0,223.640625,0.0,9340.0,78.3,54.633640514458705,9340.0,0.0,0.0,0.0
9350.0,223.953125,0.0,9350.0,78.3,54.59301109018624,9350.0,0.0,0.0,0.0
9360.0,224.234375,0.0,9360.0,78.5,55.122692471466394,9360.0,0.0,0.0,0.0
9370.0,224.5625,0.0,9370.0,78.8,55.76421491914449,9370.0,0.0,0.0,0.0
9380.0,224.890625,0.0,9380.0,78.7,55.625,9380.0,0.0,0.0,0.0
9390.0,225.1875,0.0,9390.0,78.9,56.12429923643805,9390.0,0.0,0.0,0.0
9400.0,225.5,0.0,9400.0,78.8,55.81031787389266,9400.0,0.0,0.0,0.0
9410.0,225.84375,0.0,9410.0,78.3,54.78337695244129,9410.0,0.0,0.0,0.0
9420.0,226.140625,0.0,9420.0,78.4,54.929577464788736,9420.0,0.0,0.0,0.0
9430.0,226.4375,0.0,9430.0,78.5,55.122692471466394,9430.0,0.0,0.0,0.0
9440.0,226.734375,0.0,9440.0,78.60000000000001,55.30791592875999,9440.0,0.0,0.0,0.0
9450.0,227.0625,0.0,9450.0,78.7,55.49333444774124,9450.0,0.0,0.0,0.0
9460.0,227.375,0.0,9460.0,78.60000000000001,55.33925470816082,9460.0,0.0,0.0,0.0
9470.0,227.6875,0.0,9470.0,78.60000000000001,55.253528489283866,9470.0,0.0,0.0,0.0
9480.0,228.0,0.0,9480.0,78.4,54.7543538460894,9480.0,0.0,0.0,0.0
9490.0,228.328125,0.0,9490.0,78.9,55.785220948166035,9490.0,0.0,0.0,0.0
9500.0,228.609375,0.0,9500.0,78.4,54.88250652741515,9500.0,0.0,0.0,0.0
9510.0,228.921875,0.0,9510.0,78.5,54.98777342310657,9510.0,0.0,0.0,0.0
9520.0,229.234375,0.0,9520.0,78.60000000000001,55.139842109014396,9520.0,0.0,0.0,0.0
9530.0,229.546875,0.0,9530.0,78.60000000000001,55.173295014181164,9530.0,0.0,0.0,0.0
9540.0,229.8125,0.0,9540.0,78.4,54.59437642943631,9540.0,0.0,0.0,0.0
9550.0,230.140625,0.0,9550.0,78.4,54.55138428908688,9550.0,0.0,0.0,0.0
9560.0,230.4375,0.0,9560.0,78.0,53.79684894509806,9560.0,0.0,0.0,0.0
9570.0,230.765625,0.0,9570.0,78.0,53.74594751426518,9570.0,0.0,0.0,0.0
9580.0,231.0625,0.0,9580.0,78.0,53.650643834692914,9580.0,0.0,0.0,0.0
9590.0,231.375,0.0,9590.0,77.8,53.13845686204976,9590.0,0.0,0.0,0.0
9600.0,231.671875,0.0,9600.0,77.7,52.99246193021806,9600.0,0.0,0.0,0.0
9610.0,232.015625,0.0,9610.0,77.8,53.177201093375636,9610.0,0.0,0.0,0.0
9620.0,232.34375,0.0,9620.0,78.0,53.55376995604498,9620.0,0.0,0.0,0.0
9630.0,232.65625,0.0,9630.0,78.0,53.650643834692914,9630.0,0.0,0.0,0.0
9640.0,232.96875,0.0,9640.0,78.2,54.109127652408226,9640.0,0.0,0.0,0.0
9650.0,233.28125,0.0,9650.0,77.9,53.49639754898661,9650.0,0.0,0.0,0.0
9660.0,233.578125,0.0,9660.0,77.9,53.40737554920266,9660.0,0.0,0.0,0.0
9670.0,233.890625,0.0,9670.0,78.2,54.05283502438573,9670.0,0.0,0.0,0.0
9680.0,234.203125,0.0,9680.0,78.5,54.70976331111655,9680.0,0.0,0.0,0.0
9690.0,234.5,0.0,9690.0,78.3,54.46571709151342,9690.0,0.0,0.0,0.0
9700.0,234.8125,0.0,9700.0,78.60000000000001,55.1069043063807,9700.0,0.0,0.0,0.0
9710.0,235.125,0.0,9710.0,78.7,55.215972549283464,9710.0,0.0,0.0,0.0
9720.0,235.4375,0.0,9720.0,78.5,54.62220346137612,9720.0,0.0,0.0,0.0
9730.0,235.78125,0.0,9730.0,78.3,54.2387178405736,9730.0,0.0,0.0,0.0
9740.0,236.0625,0.0,9740.0,78.2,54.04721753794267,9740.0,0.0,0.0,0.0
9750.0,236.375,0.0,9750.0,78.2,54.09115222784266,9750.0,0.0,0.0,0.0
9760.0,236.6875,0.0,9760.0,78.3,54.288458783778104,9760.0,0.0,0.0,0.0
9770.0,237.03125,0.0,9770.0,78.3,54.37495794927001,9770.0,0.0,0.0,0.0
9780.0,237.34375,0.0,9780.0,78.0,53.68811047490738,9780.0,0.0,0.0,0.0
9790.0,237.640625,0.0,9790.0,77.7,52.97937840003374,9790.0,0.0,0.0,0.0
9800.0,237.9375,0.0,9800.0,77.5,52.52483478642507,9800.0,0.0,0.0,0.0
9810.0,238.3125,0.0,9810.0,77.4,52.43206836311592,9810.0,0.0,0.0,0.0
9820.0,238.59375,0.0,9820.0,77.4,52.38657048473,9820.0,0.0,0.0,0.0
9830.0,238.90625,0.0,9830.0,77.10000000000001,51.74274033801155,9830.0,0.0,0.0,0.0
9840.0,239.1875,0.0,9840.0,77.4,52.39399237461294,9840.0,0.0,0.0,0.0
9850.0,239.53125,0.0,9850.0,77.3,52.078970478956975,9850.0,0.0,0.0,0.0
9860.0,239.84375,0.0,9860.0,77.2,51.89568960060764,9860.0,0.0,0.0,0.0
9870.0,240.15625,0.0,9870.0,77.2,52.026461194036145,9870.0,0.0,0.0,0.0
9880.0,240.453125,0.0,9880.0,76.8,51.276677069376134,9880.0,0.0,0.0,0.0
9890.0,240.828125,0.0,9890.0,76.8,51.22094807974534,9890.0,0.0,0.0,0.0
9900.0,241.140625,0.0,9900.0,76.8,51.339016041345054,9900.0,0.0,0.0,0.0
9910.0,241.421875,0.0,9910.0,76.9,51.384796700058935,9910.0,0.0,0.0,0.0
9920.0,241.71875,0.0,9920.0,77.0,51.49173461338913,9920.0,0.0,0.0,0.0
9930.0,242.03125,0.0,9930.0,77.0,51.548550459024824,9930.0,0.0,0.0,0.0
9940.0,242.359375,0.0,9940.0,76.9,51.27157972897718,9940.0,0.0,0.0,0.0
9950.0,242.703125,0.0,9950.0,77.4,52.202694414483005,9950.0,0.0,0.0,0.0
9960.0,243.015625,0.0,9960.0,76.8,50.884086444007856,9960.0,0.0,0.0,0.0
9970.0,243.328125,0.0,9970.0,77.10000000000001,51.329201628877726,9970.0,0.0,0.0,0.0
9980.0,243.640625,0.0,9980.0,76.9,50.90412915402077,9980.0,0.0,0.0,0.0
9990.0,243.9375,0.0,9990.0,76.8,50.732011875284044,9990.0,0.0,0.0,0.0
10000.0,244.28125,0.0,10000.0,77.0,51.25776167164686,10000.0,0.0,0.0,0.0