learning evaluation instances,evaluation time (cpu seconds),model cost (RAM-Hours),classified instances,classifications correct (percent),Kappa Statistic (percent),model training instances,model serialized size (bytes),IBLStreams size,sigmaForKernel,kValue
10.0,0.0,0.0,10.0,30.0,0.0,10.0,0.0,0.0,0.5,16.0
20.0,0.015625,0.0,20.0,40.0,0.0,20.0,0.0,0.0,0.5,16.0
30.0,0.015625,0.0,30.0,36.666666666666664,0.0,30.0,0.0,0.0,0.5,16.0
40.0,0.015625,0.0,40.0,32.5,0.0,40.0,0.0,0.0,0.5,16.0
50.0,0.03125,0.0,50.0,38.0,0.0,50.0,0.0,0.0,0.5,16.0
60.0,0.03125,0.0,60.0,36.666666666666664,0.0,60.0,0.0,0.0,0.5,16.0
70.0,0.046875,0.0,70.0,34.285714285714285,0.0,70.0,0.0,0.0,0.5,16.0
80.0,0.046875,0.0,80.0,32.5,0.0,80.0,0.0,0.0,0.5,16.0
90.0,0.0625,0.0,90.0,35.55555555555556,0.0,90.0,0.0,0.0,0.5,16.0
100.0,0.0625,0.0,100.0,34.0,0.0,100.0,0.0,0.0,0.5,16.0
110.0,0.0625,0.0,110.0,34.54545454545455,0.0,110.0,0.0,0.0,0.5,16.0
120.0,0.078125,0.0,120.0,35.0,0.0,120.0,0.0,0.0,0.5,16.0
130.0,0.078125,0.0,130.0,34.61538461538461,0.0,130.0,0.0,0.0,0.5,16.0
140.0,0.078125,0.0,140.0,33.57142857142857,0.0,140.0,0.0,0.0,0.5,16.0
150.0,0.09375,0.0,150.0,34.66666666666667,0.0,150.0,0.0,0.0,0.5,16.0
160.0,0.09375,0.0,160.0,33.75,0.0,160.0,0.0,0.0,0.5,16.0
170.0,0.09375,0.0,170.0,32.94117647058823,0.0,170.0,0.0,0.0,0.5,16.0
180.0,0.09375,0.0,180.0,33.88888888888889,0.0,180.0,0.0,0.0,0.5,16.0
190.0,0.09375,0.0,190.0,33.68421052631579,0.0,190.0,0.0,0.0,0.5,16.0
200.0,0.109375,0.0,200.0,34.0,0.0,200.0,0.0,0.0,0.5,16.0
210.0,0.109375,0.0,210.0,34.76190476190476,0.0,210.0,0.0,0.0,0.5,16.0
220.0,0.109375,0.0,220.0,35.45454545454545,0.0,220.0,0.0,0.0,0.5,16.0
230.0,0.109375,0.0,230.0,35.21739130434783,0.0,230.0,0.0,0.0,0.5,16.0
240.0,0.125,0.0,240.0,35.41666666666667,0.0,240.0,0.0,0.0,0.5,16.0
250.0,0.125,0.0,250.0,35.199999999999996,0.0,250.0,0.0,0.0,0.5,16.0
260.0,0.125,0.0,260.0,34.23076923076923,0.0,260.0,0.0,0.0,0.5,16.0
270.0,0.125,0.0,270.0,34.074074074074076,0.0,270.0,0.0,0.0,0.5,16.0
280.0,0.125,0.0,280.0,33.92857142857143,0.0,280.0,0.0,0.0,0.5,16.0
290.0,0.125,0.0,290.0,34.13793103448276,0.0,290.0,0.0,0.0,0.5,16.0
300.0,0.125,0.0,300.0,33.666666666666664,0.0,300.0,0.0,0.0,0.5,16.0
310.0,0.140625,0.0,310.0,33.87096774193548,0.0,310.0,0.0,0.0,0.5,16.0
320.0,0.140625,0.0,320.0,33.4375,0.0,320.0,0.0,0.0,0.5,16.0
330.0,0.140625,0.0,330.0,33.33333333333333,0.0,330.0,0.0,0.0,0.5,16.0
340.0,0.15625,0.0,340.0,33.82352941176471,0.0,340.0,0.0,0.0,0.5,16.0
350.0,0.15625,0.0,350.0,33.714285714285715,0.0,350.0,0.0,0.0,0.5,16.0
360.0,0.15625,0.0,360.0,33.611111111111114,0.0,360.0,0.0,0.0,0.5,16.0
370.0,0.171875,0.0,370.0,33.24324324324324,0.0,370.0,0.0,0.0,0.5,16.0
380.0,0.171875,0.0,380.0,33.68421052631579,0.0,380.0,0.0,0.0,0.5,16.0
390.0,0.171875,0.0,390.0,34.61538461538461,0.0,390.0,0.0,0.0,0.5,16.0
400.0,0.1875,0.0,400.0,35.25,0.0,400.0,0.0,0.0,0.5,16.0
410.0,0.1875,0.0,410.0,34.63414634146341,0.0,410.0,0.0,0.0,0.5,16.0
420.0,0.1875,0.0,420.0,34.76190476190476,0.0,420.0,0.0,0.0,0.5,16.0
430.0,0.203125,0.0,430.0,35.348837209302324,0.0,430.0,0.0,0.0,0.5,16.0
440.0,0.203125,0.0,440.0,35.45454545454545,0.0,440.0,0.0,0.0,0.5,16.0
450.0,0.203125,0.0,450.0,35.55555555555556,0.0,450.0,0.0,0.0,0.5,16.0
460.0,0.21875,0.0,460.0,35.65217391304348,0.0,460.0,0.0,0.0,0.5,16.0
470.0,0.21875,0.0,470.0,35.95744680851064,0.0,470.0,0.0,0.0,0.5,16.0
480.0,0.21875,0.0,480.0,36.45833333333333,0.0,480.0,0.0,0.0,0.5,16.0
490.0,0.234375,0.0,490.0,36.3265306122449,0.0,490.0,0.0,0.0,0.5,16.0
500.0,0.234375,0.0,500.0,36.6,0.0,500.0,0.0,0.0,0.5,16.0
510.0,0.234375,0.0,510.0,36.470588235294116,0.0,510.0,0.0,0.0,0.5,16.0
520.0,0.25,0.0,520.0,36.15384615384615,0.0,520.0,0.0,0.0,0.5,16.0
530.0,0.25,0.0,530.0,36.41509433962264,0.0,530.0,0.0,0.0,0.5,16.0
540.0,0.265625,0.0,540.0,36.2962962962963,0.0,540.0,0.0,0.0,0.5,16.0
550.0,0.265625,0.0,550.0,36.54545454545455,0.0,550.0,0.0,0.0,0.5,16.0
560.0,0.265625,0.0,560.0,36.964285714285715,0.0,560.0,0.0,0.0,0.5,16.0
570.0,0.28125,0.0,570.0,37.19298245614035,0.0,570.0,0.0,0.0,0.5,16.0
580.0,0.28125,0.0,580.0,37.58620689655172,0.0,580.0,0.0,0.0,0.5,16.0
590.0,0.296875,0.0,590.0,37.6271186440678,0.0,590.0,0.0,0.0,0.5,16.0
600.0,0.296875,0.0,600.0,37.666666666666664,0.0,600.0,0.0,0.0,0.5,16.0
610.0,0.3125,0.0,610.0,37.868852459016395,0.0,610.0,0.0,0.0,0.5,16.0
620.0,0.3125,0.0,620.0,37.74193548387097,0.0,620.0,0.0,0.0,0.5,16.0
630.0,0.328125,0.0,630.0,37.301587301587304,0.0,630.0,0.0,0.0,0.5,16.0
640.0,0.328125,0.0,640.0,37.5,0.0,640.0,0.0,0.0,0.5,16.0
650.0,0.34375,0.0,650.0,37.230769230769226,0.0,650.0,0.0,0.0,0.5,16.0
660.0,0.34375,0.0,660.0,37.42424242424243,0.0,660.0,0.0,0.0,0.5,16.0
670.0,0.359375,0.0,670.0,37.16417910447761,0.0,670.0,0.0,0.0,0.5,16.0
680.0,0.359375,0.0,680.0,37.05882352941177,0.0,680.0,0.0,0.0,0.5,16.0
690.0,0.375,0.0,690.0,37.10144927536232,0.0,690.0,0.0,0.0,0.5,16.0
700.0,0.375,0.0,700.0,37.142857142857146,0.0,700.0,0.0,0.0,0.5,16.0
710.0,0.390625,0.0,710.0,37.04225352112676,0.0,710.0,0.0,0.0,0.5,16.0
720.0,0.390625,0.0,720.0,36.80555555555556,0.0,720.0,0.0,0.0,0.5,16.0
730.0,0.40625,0.0,730.0,36.84931506849315,0.0,730.0,0.0,0.0,0.5,16.0
740.0,0.40625,0.0,740.0,36.486486486486484,0.0,740.0,0.0,0.0,0.5,16.0
750.0,0.421875,0.0,750.0,36.8,0.0,750.0,0.0,0.0,0.5,16.0
760.0,0.421875,0.0,760.0,36.84210526315789,0.0,760.0,0.0,0.0,0.5,16.0
770.0,0.4375,0.0,770.0,36.883116883116884,0.0,770.0,0.0,0.0,0.5,16.0
780.0,0.453125,0.0,780.0,37.05128205128205,0.0,780.0,0.0,0.0,0.5,16.0
790.0,0.453125,0.0,790.0,37.21518987341772,0.0,790.0,0.0,0.0,0.5,16.0
800.0,0.46875,0.0,800.0,37.375,0.0,800.0,0.0,0.0,0.5,16.0
810.0,0.46875,0.0,810.0,37.28395061728395,0.0,810.0,0.0,0.0,0.5,16.0
820.0,0.484375,0.0,820.0,36.951219512195124,0.0,820.0,0.0,0.0,0.5,16.0
830.0,0.5,0.0,830.0,36.86746987951807,0.0,830.0,0.0,0.0,0.5,16.0
840.0,0.5,0.0,840.0,36.904761904761905,0.0,840.0,0.0,0.0,0.5,16.0
850.0,0.515625,0.0,850.0,36.94117647058823,0.0,850.0,0.0,0.0,0.5,16.0
860.0,0.515625,0.0,860.0,36.860465116279066,0.0,860.0,0.0,0.0,0.5,16.0
870.0,0.53125,0.0,870.0,36.55172413793103,0.0,870.0,0.0,0.0,0.5,16.0
880.0,0.546875,0.0,880.0,36.25,0.0,880.0,0.0,0.0,0.5,16.0
890.0,0.546875,0.0,890.0,36.741573033707866,0.0,890.0,0.0,0.0,0.5,16.0
900.0,0.5625,0.0,900.0,36.77777777777778,0.0,900.0,0.0,0.0,0.5,16.0
910.0,0.5625,0.0,910.0,36.92307692307693,0.0,910.0,0.0,0.0,0.5,16.0
920.0,0.578125,0.0,920.0,37.173913043478265,0.0,920.0,0.0,0.0,0.5,16.0
930.0,0.59375,0.0,930.0,37.096774193548384,0.0,930.0,0.0,0.0,0.5,16.0
940.0,0.59375,0.0,940.0,37.12765957446808,0.0,940.0,0.0,0.0,0.5,16.0
950.0,0.609375,0.0,950.0,37.15789473684211,0.0,950.0,0.0,0.0,0.5,16.0
960.0,0.609375,0.0,960.0,37.395833333333336,0.0,960.0,0.0,0.0,0.5,16.0
970.0,0.625,0.0,970.0,37.31958762886598,0.0,970.0,0.0,0.0,0.5,16.0
980.0,0.640625,0.0,980.0,37.244897959183675,0.0,980.0,0.0,0.0,0.5,16.0
990.0,0.640625,0.0,990.0,37.27272727272727,0.0,990.0,0.0,0.0,0.5,16.0
1000.0,0.6875,0.0,1000.0,37.5,0.0,1000.0,0.0,1000.0,0.5,16.0
1010.0,0.796875,0.0,1010.0,38.1,0.7586591677194715,1010.0,0.0,1009.0,0.5,16.0
1020.0,0.875,0.0,1020.0,38.3,0.5287934481202047,1020.0,0.0,1017.0,0.5,16.0
1030.0,0.96875,0.0,1030.0,38.7,1.049233252623084,1030.0,0.0,1027.0,0.5,16.0
1040.0,1.046875,0.0,1040.0,39.300000000000004,1.2886145279741956,1040.0,0.0,1035.0,0.5,16.0
1050.0,1.125,0.0,1050.0,39.5,1.7563687854813854,1050.0,0.0,1042.0,0.5,16.0
1060.0,1.203125,0.0,1060.0,40.1,2.092827114566109,1060.0,0.0,1049.0,0.5,16.0
1070.0,1.296875,0.0,1070.0,40.6,2.3492084367653625,1070.0,0.0,1057.0,0.5,16.0
1080.0,1.359375,0.0,1080.0,41.199999999999996,2.4228343843345503,1080.0,0.0,1064.0,0.5,16.0
1090.0,1.4375,0.0,1090.0,41.5,3.1290155920886993,1090.0,0.0,1073.0,0.5,16.0
1100.0,1.515625,0.0,1100.0,42.0,3.02819538815473,1100.0,0.0,1079.0,0.5,16.0
1110.0,1.59375,0.0,1110.0,42.4,3.510153211135192,1110.0,0.0,1087.0,0.5,16.0
1120.0,1.671875,0.0,1120.0,42.8,3.688462483962105,1120.0,0.0,1096.0,0.5,16.0
1130.0,1.734375,0.0,1130.0,43.4,4.680105761296078,1130.0,0.0,1105.0,0.5,16.0
1140.0,1.8125,0.0,1140.0,44.0,5.141660766252111,1140.0,0.0,1114.0,0.5,16.0
1150.0,1.90625,0.0,1150.0,44.3,5.657181571815715,1150.0,0.0,1123.0,0.5,16.0
1160.0,1.984375,0.0,1160.0,45.0,6.592529440336397,1160.0,0.0,1132.0,0.5,16.0
1170.0,2.0625,0.0,1170.0,45.7,7.375818777292577,1170.0,0.0,1137.0,0.5,16.0
1180.0,2.15625,0.0,1180.0,45.9,7.588977636874214,1180.0,0.0,1147.0,0.5,16.0
1190.0,2.25,0.0,1190.0,46.1,7.4811529324526616,1190.0,0.0,1157.0,0.5,16.0
1200.0,2.328125,0.0,1200.0,46.7,8.381463146314626,1200.0,0.0,1162.0,0.5,16.0
1210.0,2.421875,0.0,1210.0,47.099999999999994,8.935666232863028,1210.0,0.0,1169.0,0.5,16.0
1220.0,2.515625,0.0,1220.0,47.5,9.633577064485483,1220.0,0.0,1178.0,0.5,16.0
1230.0,2.609375,0.0,1230.0,47.9,10.034673776402482,1230.0,0.0,1184.0,0.5,16.0
1240.0,2.6875,0.0,1240.0,48.0,10.16267466449214,1240.0,0.0,1193.0,0.5,17.0
1250.0,2.78125,0.0,1250.0,48.4,10.227146197528116,1250.0,0.0,1199.0,0.5,17.0
1260.0,2.875,0.0,1260.0,49.3,11.539937886031332,1260.0,0.0,1207.0,0.5,17.0
1270.0,2.953125,0.0,1270.0,49.8,12.225486081969503,1270.0,0.0,1215.0,0.5,17.0
1280.0,3.046875,0.0,1280.0,50.3,12.724335335229862,1280.0,0.0,1224.0,0.5,17.0
1290.0,3.140625,0.0,1290.0,50.7,13.200557770046629,1290.0,0.0,1230.0,0.5,17.0
1300.0,3.234375,0.0,1300.0,51.300000000000004,13.749743197387348,1300.0,0.0,1240.0,0.5,17.0
1310.0,3.3125,0.0,1310.0,51.7,14.233356299142692,1310.0,0.0,1246.0,0.5,17.0
1320.0,3.40625,0.0,1320.0,52.1,14.571681314918388,1320.0,0.0,1255.0,0.5,17.0
1330.0,3.515625,0.0,1330.0,52.1,13.925706563928584,1330.0,0.0,1262.0,0.5,17.0
1340.0,3.609375,0.0,1340.0,52.5,14.538833554033046,1340.0,0.0,1270.0,0.5,18.0
1350.0,3.703125,0.0,1350.0,53.0,15.205617357229709,1350.0,0.0,1280.0,0.5,18.0
1360.0,3.796875,0.0,1360.0,53.2,15.110356536502554,1360.0,0.0,1290.0,0.5,18.0
1370.0,3.890625,0.0,1370.0,53.800000000000004,15.778267146961467,1370.0,0.0,1299.0,0.5,18.0
1380.0,3.984375,0.0,1380.0,53.900000000000006,15.6388390733082,1380.0,0.0,1308.0,0.5,18.0
1390.0,4.0625,0.0,1390.0,53.900000000000006,15.59002753852464,1390.0,0.0,1316.0,0.5,18.0
1400.0,4.171875,0.0,1400.0,54.0,15.649571646520366,1400.0,0.0,1326.0,0.5,18.0
1410.0,4.265625,0.0,1410.0,54.800000000000004,16.734212659347143,1410.0,0.0,1332.0,0.5,18.0
1420.0,4.34375,0.0,1420.0,55.1,17.099325716564632,1420.0,0.0,1336.0,0.5,18.0
1430.0,4.4375,0.0,1430.0,55.2,17.182734078935212,1430.0,0.0,1344.0,0.5,18.0
1440.0,4.546875,0.0,1440.0,55.60000000000001,17.73054901888122,1440.0,0.0,1352.0,0.5,18.0
1450.0,4.625,0.0,1450.0,55.800000000000004,17.75826138731766,1450.0,0.0,1355.0,0.5,17.0
1460.0,4.71875,0.0,1460.0,56.3,18.55220486822976,1460.0,0.0,1364.0,0.5,17.0
1470.0,4.828125,0.0,1470.0,56.699999999999996,19.088408526923175,1470.0,0.0,1366.0,0.5,17.0
1480.0,4.921875,0.0,1480.0,56.599999999999994,18.63364517520012,1480.0,0.0,1373.0,0.5,17.0
1490.0,5.03125,0.0,1490.0,56.699999999999996,18.36288358132413,1490.0,0.0,1382.0,0.5,17.0
1500.0,5.125,0.0,1500.0,56.8,18.430543229923902,1500.0,0.0,1390.0,0.5,17.0
1510.0,5.21875,0.0,1510.0,57.099999999999994,18.706890017433484,1510.0,0.0,1400.0,0.5,17.0
1520.0,5.3125,0.0,1520.0,57.699999999999996,19.663612744427724,1520.0,0.0,1404.0,0.5,17.0
1530.0,5.375,0.0,1530.0,57.699999999999996,19.54197892494388,1530.0,0.0,1413.0,0.5,17.0
1540.0,5.484375,0.0,1540.0,58.4,20.64067394381512,1540.0,0.0,1419.0,0.5,17.0
1550.0,5.59375,0.0,1550.0,58.699999999999996,21.040355452230365,1550.0,0.0,1425.0,0.5,17.0
1560.0,5.6875,0.0,1560.0,58.8,21.043755557599713,1560.0,0.0,1433.0,0.5,17.0
1570.0,5.78125,0.0,1570.0,59.0,21.17112786812122,1570.0,0.0,1442.0,0.5,17.0
1580.0,5.890625,0.0,1580.0,59.099999999999994,21.18306341583739,1580.0,0.0,1451.0,0.5,17.0
1590.0,5.984375,0.0,1590.0,59.599999999999994,21.89463508941518,1590.0,0.0,1458.0,0.5,17.0
1600.0,6.09375,0.0,1600.0,59.9,22.16312745059979,1600.0,0.0,1467.0,0.5,17.0
1610.0,6.203125,0.0,1610.0,60.099999999999994,22.2906912428036,1610.0,0.0,1476.0,0.5,17.0
1620.0,6.28125,0.0,1620.0,60.8,23.377638780297097,1620.0,0.0,1482.0,0.5,17.0
1630.0,6.390625,0.0,1630.0,61.4,24.225767950248127,1630.0,0.0,1490.0,0.5,17.0
1640.0,6.5,0.0,1640.0,61.4,24.046846960299717,1640.0,0.0,1490.0,0.5,18.0
1650.0,6.609375,0.0,1650.0,61.9,24.760061613807817,1650.0,0.0,1494.0,0.5,18.0
1660.0,6.6875,0.0,1660.0,62.2,25.071360608943866,1660.0,0.0,1504.0,0.5,18.0
1670.0,6.78125,0.0,1670.0,62.9,26.193242404468993,1670.0,0.0,1512.0,0.5,18.0
1680.0,6.875,0.0,1680.0,63.4,27.022726638299915,1680.0,0.0,1520.0,0.5,18.0
1690.0,7.0,0.0,1690.0,63.7,27.36804193845292,1690.0,0.0,1525.0,0.5,18.0
1700.0,7.109375,0.0,1700.0,63.9,27.581004958996015,1700.0,0.0,1535.0,0.5,18.0
1710.0,7.21875,0.0,1710.0,64.4,28.36676217765043,1710.0,0.0,1543.0,0.5,18.0
1720.0,7.328125,0.0,1720.0,64.9,29.13271363155472,1720.0,0.0,1550.0,0.5,18.0
1730.0,7.4375,0.0,1730.0,65.3,29.657979663655677,1730.0,0.0,1556.0,0.5,18.0
1740.0,7.5625,0.0,1740.0,65.8,30.46095036701165,1740.0,0.0,1565.0,0.5,18.0
1750.0,7.671875,0.0,1750.0,65.8,30.179003070490634,1750.0,0.0,1575.0,0.5,18.0
1760.0,7.796875,0.0,1760.0,66.2,30.846536598140634,1760.0,0.0,1581.0,0.5,18.0
1770.0,7.921875,0.0,1770.0,66.4,31.05599238332869,1770.0,0.0,1590.0,0.5,18.0
1780.0,8.046875,0.0,1780.0,66.60000000000001,31.245445525395972,1780.0,0.0,1598.0,0.5,17.0
1790.0,8.15625,0.0,1790.0,67.0,31.794225244404036,1790.0,0.0,1602.0,0.5,17.0
1800.0,8.265625,0.0,1800.0,67.30000000000001,32.15486119756009,1800.0,0.0,1610.0,0.5,17.0
1810.0,8.390625,0.0,1810.0,67.80000000000001,32.92672765751806,1810.0,0.0,1618.0,0.5,17.0
1820.0,8.5,0.0,1820.0,68.5,34.236897484717915,1820.0,0.0,1628.0,0.5,17.0
1830.0,8.640625,0.0,1830.0,68.7,34.48483732145549,1830.0,0.0,1636.0,0.5,17.0
1840.0,8.734375,0.0,1840.0,68.8,34.559640917003996,1840.0,0.0,1641.0,0.5,17.0
1850.0,8.859375,0.0,1850.0,69.39999999999999,35.47135434239826,1850.0,0.0,1649.0,0.5,17.0
1860.0,8.96875,0.0,1860.0,69.89999999999999,36.455527313567686,1860.0,0.0,1657.0,0.5,17.0
1870.0,9.078125,0.0,1870.0,70.19999999999999,37.177189838726676,1870.0,0.0,1665.0,0.5,17.0
1880.0,9.203125,0.0,1880.0,70.6,38.032206390692174,1880.0,0.0,1674.0,0.5,17.0
1890.0,9.3125,0.0,1890.0,70.6,37.735081833892444,1890.0,0.0,1678.0,0.5,17.0
1900.0,9.40625,0.0,1900.0,70.7,37.93687778013132,1900.0,0.0,1688.0,0.5,17.0
1910.0,9.53125,0.0,1910.0,70.8,37.86837457710065,1910.0,0.0,1697.0,0.5,17.0
1920.0,9.671875,0.0,1920.0,71.0,37.98966779568236,1920.0,0.0,1705.0,0.5,17.0
1930.0,9.796875,0.0,1930.0,71.5,38.88683987065452,1930.0,0.0,1715.0,0.5,17.0
1940.0,9.921875,0.0,1940.0,71.89999999999999,39.62234961452845,1940.0,0.0,1725.0,0.5,17.0
1950.0,10.03125,0.0,1950.0,72.3,40.36444429134875,1950.0,0.0,1735.0,0.5,17.0
1960.0,10.140625,0.0,1960.0,72.5,40.47619047619047,1960.0,0.0,1744.0,0.5,17.0
1970.0,10.25,0.0,1970.0,73.0,41.418454488648194,1970.0,0.0,1753.0,0.5,17.0
1980.0,10.375,0.0,1980.0,73.5,42.3692543233933,1980.0,0.0,1763.0,0.5,17.0
1990.0,10.5,0.0,1990.0,74.0,43.10622505426792,1990.0,0.0,1768.0,0.5,17.0
2000.0,10.625,0.0,2000.0,74.0,42.91435396613503,2000.0,0.0,1774.0,0.5,17.0
2010.0,10.765625,0.0,2010.0,73.9,42.99617353624657,2010.0,0.0,1784.0,0.5,17.0
2020.0,10.890625,0.0,2020.0,73.9,42.80078895463511,2020.0,0.0,1793.0,0.5,17.0
2030.0,11.0,0.0,2030.0,73.9,42.83486503771584,2030.0,0.0,1803.0,0.5,17.0
2040.0,11.125,0.0,2040.0,73.7,42.31444113002281,2040.0,0.0,1809.0,0.5,17.0
2050.0,11.265625,0.0,2050.0,73.8,42.37807023717362,2050.0,0.0,1818.0,0.5,17.0
2060.0,11.40625,0.0,2060.0,73.8,42.03539823008849,2060.0,0.0,1826.0,0.5,17.0
2070.0,11.53125,0.0,2070.0,73.6,41.839971801198445,2070.0,0.0,1836.0,0.5,17.0
2080.0,11.65625,0.0,2080.0,73.4,41.09831709477413,2080.0,0.0,1846.0,0.5,17.0
2090.0,11.8125,0.0,2090.0,73.1,40.35476718403547,2090.0,0.0,1856.0,0.5,17.0
2100.0,11.9375,0.0,2100.0,73.1,40.13228761428279,2100.0,0.0,1863.0,0.5,18.0
2110.0,12.078125,0.0,2110.0,73.1,40.27902350653157,2110.0,0.0,1873.0,0.5,18.0
2120.0,12.203125,0.0,2120.0,73.1,40.094423659362185,2120.0,0.0,1883.0,0.5,18.0
2130.0,12.34375,0.0,2130.0,73.0,39.97545663115585,2130.0,0.0,1889.0,0.5,18.0
2140.0,12.484375,0.0,2140.0,72.89999999999999,39.87291219226468,2140.0,0.0,1894.0,0.5,18.0
2150.0,12.625,0.0,2150.0,72.7,39.42916984682014,2150.0,0.0,1898.0,0.5,18.0
2160.0,12.71875,0.0,2160.0,72.7,39.560050300207216,2160.0,0.0,1908.0,0.5,18.0
2170.0,12.859375,0.0,2170.0,72.2,38.6519313607796,2170.0,0.0,1916.0,0.5,18.0
2180.0,12.984375,0.0,2180.0,72.39999999999999,38.77551020408163,2180.0,0.0,1925.0,0.5,18.0
2190.0,13.125,0.0,2190.0,72.89999999999999,39.63182093595181,2190.0,0.0,1932.0,0.5,18.0
2200.0,13.28125,0.0,2200.0,72.7,39.2258305803154,2200.0,0.0,1941.0,0.5,18.0
2210.0,13.4375,0.0,2210.0,72.5,39.010326106241784,2210.0,0.0,1951.0,0.5,17.0
2220.0,13.5625,0.0,2220.0,72.5,38.91603731674812,2220.0,0.0,1960.0,0.5,17.0
2230.0,13.71875,0.0,2230.0,72.39999999999999,38.70780054274686,2230.0,0.0,1966.0,0.5,17.0
2240.0,13.859375,0.0,2240.0,72.7,39.576103123450665,2240.0,0.0,1976.0,0.5,17.0
2250.0,13.984375,0.0,2250.0,72.7,39.25233644859813,2250.0,0.0,1981.0,0.5,17.0
2260.0,14.125,0.0,2260.0,72.5,39.133437212267154,2260.0,0.0,1986.0,0.5,17.0
2270.0,14.25,0.0,2270.0,72.39999999999999,39.03112505246416,2270.0,0.0,1996.0,0.5,17.0
2280.0,14.390625,0.0,2280.0,72.3,38.9787196545799,2280.0,0.0,2004.0,0.5,17.0
2290.0,14.546875,0.0,2290.0,72.5,39.46944417541975,2290.0,0.0,2014.0,0.5,17.0
2300.0,14.703125,0.0,2300.0,72.39999999999999,39.041628383631355,2300.0,0.0,2024.0,0.5,17.0
2310.0,14.828125,0.0,2310.0,72.5,39.3792434529583,2310.0,0.0,2034.0,0.5,16.0
2320.0,14.96875,0.0,2320.0,72.5,39.391000775795185,2320.0,0.0,2043.0,0.5,16.0
2330.0,15.125,0.0,2330.0,73.0,40.08414848479469,2330.0,0.0,2052.0,0.5,16.0
2340.0,15.28125,0.0,2340.0,72.8,39.913139140846255,2340.0,0.0,2058.0,0.5,16.0
2350.0,15.4375,0.0,2350.0,72.7,39.88267211612993,2350.0,0.0,2066.0,0.5,16.0
2360.0,15.578125,0.0,2360.0,72.89999999999999,40.2346506704305,2360.0,0.0,2075.0,0.5,16.0
2370.0,15.71875,0.0,2370.0,72.7,39.74201636898192,2370.0,0.0,2085.0,0.5,16.0
2380.0,15.859375,0.0,2380.0,72.8,39.86052949266165,2380.0,0.0,2093.0,0.5,16.0
2390.0,15.984375,0.0,2390.0,72.89999999999999,39.964554718653076,2390.0,0.0,2099.0,0.5,16.0
2400.0,16.125,0.0,2400.0,72.89999999999999,39.87291219226468,2400.0,0.0,2107.0,0.5,16.0
2410.0,16.265625,0.0,2410.0,72.7,39.65143731265418,2410.0,0.0,2117.0,0.5,16.0
2420.0,16.40625,0.0,2420.0,72.5,39.5588455080134,2420.0,0.0,2127.0,0.5,16.0
2430.0,16.546875,0.0,2430.0,72.5,39.64745334199484,2430.0,0.0,2131.0,0.5,16.0
2440.0,16.6875,0.0,2440.0,72.6,39.62496970231144,2440.0,0.0,2138.0,0.5,16.0
2450.0,16.84375,0.0,2450.0,72.89999999999999,40.27258621905635,2450.0,0.0,2147.0,0.5,16.0
2460.0,17.03125,0.0,2460.0,72.8,39.937022201219804,2460.0,0.0,2155.0,0.5,16.0
2470.0,17.1875,0.0,2470.0,72.7,39.5990973051905,2470.0,0.0,2165.0,0.5,16.0
2480.0,17.34375,0.0,2480.0,73.0,40.06792302057667,2480.0,0.0,2172.0,0.5,16.0
2490.0,17.5,0.0,2490.0,73.2,40.34475389985041,2490.0,0.0,2178.0,0.5,16.0
2500.0,17.65625,0.0,2500.0,73.2,40.565163201852236,2500.0,0.0,2188.0,0.5,16.0
2510.0,17.8125,0.0,2510.0,73.3,40.903054448871174,2510.0,0.0,2197.0,0.5,16.0
2520.0,17.96875,0.0,2520.0,73.2,40.99645538407344,2520.0,0.0,2206.0,0.5,16.0
2530.0,18.125,0.0,2530.0,73.4,41.560809712329785,2530.0,0.0,2213.0,0.5,16.0
2540.0,18.265625,0.0,2540.0,73.0,41.01712687871374,2540.0,0.0,2223.0,0.5,16.0
2550.0,18.421875,0.0,2550.0,72.8,40.66006946262456,2550.0,0.0,2232.0,0.5,16.0
2560.0,18.546875,0.0,2560.0,72.89999999999999,41.107440890125176,2560.0,0.0,2241.0,0.5,16.0
2570.0,18.703125,0.0,2570.0,72.8,40.785119648890586,2570.0,0.0,2245.0,0.5,16.0
2580.0,18.859375,0.0,2580.0,72.8,40.700691098563304,2580.0,0.0,2253.0,0.5,16.0
2590.0,19.015625,0.0,2590.0,72.5,40.19763052138968,2590.0,0.0,2262.0,0.5,16.0
2600.0,19.15625,0.0,2600.0,72.6,40.48032809676073,2600.0,0.0,2270.0,0.5,16.0
2610.0,19.328125,0.0,2610.0,72.8,40.79336885731202,2610.0,0.0,2280.0,0.5,16.0
2620.0,19.453125,0.0,2620.0,72.5,40.448863980874336,2620.0,0.0,2289.0,0.5,16.0
2630.0,19.625,0.0,2630.0,72.7,40.88605950370274,2630.0,0.0,2298.0,0.5,16.0
2640.0,19.78125,0.0,2640.0,73.0,41.552369077306736,2640.0,0.0,2308.0,0.5,16.0
2650.0,19.9375,0.0,2650.0,73.0,41.31659479760746,2650.0,0.0,2317.0,0.5,16.0
2660.0,20.09375,0.0,2660.0,72.8,40.919655075045064,2660.0,0.0,2325.0,0.5,16.0
2670.0,20.234375,0.0,2670.0,72.6,40.61036934281255,2670.0,0.0,2335.0,0.5,16.0
2680.0,20.359375,0.0,2680.0,72.5,40.452990342557705,2680.0,0.0,2339.0,0.5,16.0
2690.0,20.53125,0.0,2690.0,72.39999999999999,40.2149661867979,2690.0,0.0,2343.0,0.5,16.0
2700.0,20.671875,0.0,2700.0,72.8,40.88190290721936,2700.0,0.0,2353.0,0.5,16.0
2710.0,20.828125,0.0,2710.0,72.8,41.04387029651465,2710.0,0.0,2360.0,0.5,16.0
2720.0,21.0,0.0,2720.0,72.89999999999999,41.20199609459752,2720.0,0.0,2370.0,0.5,16.0
2730.0,21.1875,0.0,2730.0,72.89999999999999,41.361283733490275,2730.0,0.0,2380.0,0.5,16.0
2740.0,21.359375,0.0,2740.0,72.89999999999999,41.361283733490275,2740.0,0.0,2385.0,0.5,16.0
2750.0,21.546875,0.0,2750.0,73.1,41.87754960934799,2750.0,0.0,2394.0,0.5,16.0
2760.0,21.71875,0.0,2760.0,72.89999999999999,41.48738632143505,2760.0,0.0,2404.0,0.5,16.0
2770.0,21.890625,0.0,2770.0,73.2,42.04528252924767,2770.0,0.0,2412.0,0.5,16.0
2780.0,22.046875,0.0,2780.0,72.89999999999999,41.564098362069714,2780.0,0.0,2419.0,0.5,16.0
2790.0,22.21875,0.0,2790.0,72.8,41.29251436390871,2790.0,0.0,2429.0,0.5,16.0
2800.0,22.375,0.0,2800.0,72.5,40.623731506991284,2800.0,0.0,2439.0,0.5,16.0
2810.0,22.53125,0.0,2810.0,72.2,40.111762653005826,2810.0,0.0,2449.0,0.5,15.0
2820.0,22.703125,0.0,2820.0,72.0,39.63878122076253,2820.0,0.0,2459.0,0.5,15.0
2830.0,22.859375,0.0,2830.0,72.39999999999999,40.263877826644034,2830.0,0.0,2467.0,0.5,15.0
2840.0,23.046875,0.0,2840.0,72.6,40.45471733376218,2840.0,0.0,2476.0,0.5,15.0
2850.0,23.203125,0.0,2850.0,72.39999999999999,40.380527761936854,2850.0,0.0,2485.0,0.5,15.0
2860.0,23.375,0.0,2860.0,72.2,39.94409183801323,2860.0,0.0,2492.0,0.5,15.0
2870.0,23.546875,0.0,2870.0,72.6,40.36451645199344,2870.0,0.0,2502.0,0.5,15.0
2880.0,23.71875,0.0,2880.0,72.89999999999999,40.83744487621709,2880.0,0.0,2512.0,0.5,15.0
2890.0,23.890625,0.0,2890.0,72.89999999999999,40.753631299572376,2890.0,0.0,2522.0,0.5,15.0
2900.0,24.0625,0.0,2900.0,73.2,41.108220237676676,2900.0,0.0,2532.0,0.5,15.0
2910.0,24.234375,0.0,2910.0,73.3,41.6036043917589,2910.0,0.0,2540.0,0.5,14.0
2920.0,24.375,0.0,2920.0,73.2,41.687663459488164,2920.0,0.0,2547.0,0.5,14.0
2930.0,24.515625,0.0,2930.0,73.3,41.72087134936918,2930.0,0.0,2557.0,0.5,14.0
2940.0,24.671875,0.0,2940.0,73.4,41.92748358250664,2940.0,0.0,2567.0,0.5,14.0
2950.0,24.828125,0.0,2950.0,73.3,41.651077816045735,2950.0,0.0,2577.0,0.5,14.0
2960.0,25.0,0.0,2960.0,73.4,41.81162717440761,2960.0,0.0,2581.0,0.5,14.0
2970.0,25.171875,0.0,2970.0,73.3,41.568843719635495,2970.0,0.0,2588.0,0.5,14.0
2980.0,25.3125,0.0,2980.0,73.4,41.81162717440761,2980.0,0.0,2594.0,0.5,14.0
2990.0,25.484375,0.0,2990.0,73.3,41.8478024132073,2990.0,0.0,2603.0,0.5,14.0
3000.0,25.65625,0.0,3000.0,73.3,41.779328390754465,3000.0,0.0,2612.0,0.5,14.0
3010.0,25.828125,0.0,3010.0,73.5,42.10181341490058,3010.0,0.0,2622.0,0.5,14.0
3020.0,26.0,0.0,3020.0,73.4,41.9071912782165,3020.0,0.0,2632.0,0.5,14.0
3030.0,26.171875,0.0,3030.0,73.2,41.69857292029237,3030.0,0.0,2641.0,0.5,14.0
3040.0,26.359375,0.0,3040.0,73.5,42.29496202355236,3040.0,0.0,2650.0,0.5,14.0
3050.0,26.53125,0.0,3050.0,73.3,42.095492556993655,3050.0,0.0,2653.0,0.5,13.0
3060.0,26.671875,0.0,3060.0,73.2,41.94509912657702,3060.0,0.0,2659.0,0.5,13.0
3070.0,26.84375,0.0,3070.0,73.4,42.191758196382864,3070.0,0.0,2669.0,0.5,13.0
3080.0,27.03125,0.0,3080.0,73.3,42.13966228632848,3080.0,0.0,2678.0,0.5,13.0
3090.0,27.203125,0.0,3090.0,73.7,43.1248053700564,3090.0,0.0,2686.0,0.5,13.0
3100.0,27.328125,0.0,3100.0,73.8,43.3939435840708,3100.0,0.0,2696.0,0.5,13.0
3110.0,27.515625,0.0,3110.0,73.8,43.46747221922538,3110.0,0.0,2704.0,0.5,13.0
3120.0,27.671875,0.0,3120.0,73.8,43.508915673041685,3120.0,0.0,2712.0,0.5,13.0
3130.0,27.875,0.0,3130.0,73.7,43.28327309427485,3130.0,0.0,2716.0,0.5,13.0
3140.0,28.078125,0.0,3140.0,73.8,43.40494839481745,3140.0,0.0,2725.0,0.5,12.0
3150.0,28.28125,0.0,3150.0,73.8,43.43598335031694,3150.0,0.0,2728.0,0.5,12.0
3160.0,28.46875,0.0,3160.0,73.8,43.47796071934004,3160.0,0.0,2735.0,0.5,12.0
3170.0,28.609375,0.0,3170.0,74.3,44.476131217809126,3170.0,0.0,2744.0,0.5,12.0
3180.0,28.796875,0.0,3180.0,74.1,44.3575553416747,3180.0,0.0,2750.0,0.5,12.0
3190.0,28.984375,0.0,3190.0,73.8,43.8028724882887,3190.0,0.0,2752.0,0.5,12.0
3200.0,29.171875,0.0,3200.0,73.8,43.881834849808946,3200.0,0.0,2759.0,0.5,12.0
3210.0,29.328125,0.0,3210.0,74.0,44.047275747937285,3210.0,0.0,2769.0,0.5,12.0
3220.0,29.484375,0.0,3220.0,74.1,44.55528630023207,3220.0,0.0,2778.0,0.5,12.0
3230.0,29.65625,0.0,3230.0,74.3,44.88999442466869,3230.0,0.0,2788.0,0.5,12.0
3240.0,29.84375,0.0,3240.0,74.0,44.172703887727,3240.0,0.0,2797.0,0.5,11.0
3250.0,30.015625,0.0,3250.0,74.2,44.801971724916996,3250.0,0.0,2806.0,0.5,11.0
3260.0,30.21875,0.0,3260.0,74.1,44.63398575447418,3260.0,0.0,2814.0,0.5,11.0
3270.0,30.421875,0.0,3270.0,74.2,44.7224983716705,3270.0,0.0,2818.0,0.5,11.0
3280.0,30.609375,0.0,3280.0,74.2,44.614988300452964,3280.0,0.0,2813.0,0.5,11.0
3290.0,30.75,0.0,3290.0,74.0,44.349315068493155,3290.0,0.0,2821.0,0.5,11.0
3300.0,30.9375,0.0,3300.0,74.1,44.64913105547055,3300.0,0.0,2827.0,0.5,11.0
3310.0,31.125,0.0,3310.0,74.1,44.64913105547055,3310.0,0.0,2837.0,0.5,11.0
3320.0,31.328125,0.0,3320.0,74.2,44.9947339919752,3320.0,0.0,2846.0,0.5,11.0
3330.0,31.5,0.0,3330.0,74.2,45.123896628735515,3330.0,0.0,2854.0,0.5,11.0
3340.0,31.671875,0.0,3340.0,74.2,44.92921910486501,3340.0,0.0,2856.0,0.5,10.0
3350.0,31.84375,0.0,3350.0,74.4,45.392491467576804,3350.0,0.0,2866.0,0.5,10.0
3360.0,32.03125,0.0,3360.0,74.3,45.038494439692045,3360.0,0.0,2873.0,0.5,10.0
3370.0,32.234375,0.0,3370.0,74.3,44.83747445781892,3370.0,0.0,2883.0,0.5,10.0
3380.0,32.421875,0.0,3380.0,74.3,44.70026251237251,3380.0,0.0,2892.0,0.5,10.0
3390.0,32.59375,0.0,3390.0,74.2,44.50562687132188,3390.0,0.0,2897.0,0.5,10.0
3400.0,32.765625,0.0,3400.0,74.2,44.50562687132188,3400.0,0.0,2906.0,0.5,10.0
3410.0,32.953125,0.0,3410.0,74.3,44.741165036853566,3410.0,0.0,2915.0,0.5,10.0
3420.0,33.140625,0.0,3420.0,74.3,44.644518730399426,3420.0,0.0,2923.0,0.5,10.0
3430.0,33.328125,0.0,3430.0,74.4,44.600256223814974,3430.0,0.0,2933.0,0.5,10.0
3440.0,33.53125,0.0,3440.0,74.3,44.4612525392229,3440.0,0.0,2942.0,0.5,11.0
3450.0,33.71875,0.0,3450.0,74.1,43.95686193048056,3450.0,0.0,2950.0,0.5,11.0
3460.0,33.875,0.0,3460.0,74.2,44.07837697242934,3460.0,0.0,2957.0,0.5,11.0
3470.0,34.078125,0.0,3470.0,74.2,44.07837697242934,3470.0,0.0,2966.0,0.5,11.0
3480.0,34.265625,0.0,3480.0,74.3,44.504426689699855,3480.0,0.0,2975.0,0.5,11.0
3490.0,34.453125,0.0,3490.0,74.5,45.006124808060605,3490.0,0.0,2980.0,0.5,11.0
3500.0,34.640625,0.0,3500.0,74.5,44.89346069066863,3500.0,0.0,2986.0,0.5,11.0
3510.0,34.8125,0.0,3510.0,74.6,45.06041191713207,3510.0,0.0,2996.0,0.5,11.0
3520.0,35.0,0.0,3520.0,74.6,45.033066722066415,3520.0,0.0,3003.0,0.5,11.0
3530.0,35.203125,0.0,3530.0,74.7,45.22766241188799,3530.0,0.0,3001.0,0.5,11.0
3540.0,35.40625,0.0,3540.0,75.0,45.80204304618533,3540.0,0.0,3010.0,0.5,11.0
3550.0,35.59375,0.0,3550.0,75.2,46.34844951345832,3550.0,0.0,3019.0,0.5,11.0
3560.0,35.8125,0.0,3560.0,75.1,46.11042817320845,3560.0,0.0,3028.0,0.5,11.0
3570.0,36.03125,0.0,3570.0,75.2,46.13941205087219,3570.0,0.0,3038.0,0.5,11.0
3580.0,36.21875,0.0,3580.0,75.4,46.503364199007486,3580.0,0.0,3046.0,0.5,10.0
3590.0,36.421875,0.0,3590.0,75.4,46.38653997036004,3590.0,0.0,3054.0,0.5,10.0
3600.0,36.640625,0.0,3600.0,75.3,46.1915841023362,3600.0,0.0,3060.0,0.5,10.0
3610.0,36.84375,0.0,3610.0,75.2,45.89877835951135,3610.0,0.0,3068.0,0.5,10.0
3620.0,37.015625,0.0,3620.0,75.4,46.189517893079014,3620.0,0.0,3075.0,0.5,10.0
3630.0,37.21875,0.0,3630.0,75.0,45.441292648541534,3630.0,0.0,3084.0,0.5,10.0
3640.0,37.421875,0.0,3640.0,74.8,45.05230932933291,3640.0,0.0,3089.0,0.5,10.0
3650.0,37.609375,0.0,3650.0,74.8,45.32389085607165,3650.0,0.0,3098.0,0.5,10.0
3660.0,37.78125,0.0,3660.0,75.2,46.209738640060735,3660.0,0.0,3106.0,0.5,10.0
3670.0,37.984375,0.0,3670.0,75.3,46.26322751322752,3670.0,0.0,3113.0,0.5,10.0
3680.0,38.1875,0.0,3680.0,75.2,45.9772668853716,3680.0,0.0,3120.0,0.5,9.0
3690.0,38.359375,0.0,3690.0,75.3,46.289402268457316,3690.0,0.0,3121.0,0.5,9.0
3700.0,38.546875,0.0,3700.0,75.0,45.85556864647585,3700.0,0.0,3131.0,0.5,9.0
3710.0,38.765625,0.0,3710.0,74.8,45.493007098886935,3710.0,0.0,3137.0,0.5,9.0
3720.0,38.96875,0.0,3720.0,74.8,45.65967430306376,3720.0,0.0,3146.0,0.5,9.0
3730.0,39.171875,0.0,3730.0,74.5,45.15893156694912,3730.0,0.0,3155.0,0.5,9.0
3740.0,39.359375,0.0,3740.0,74.7,45.735170473069196,3740.0,0.0,3165.0,0.5,9.0
3750.0,39.5625,0.0,3750.0,74.8,45.86349867881158,3750.0,0.0,3174.0,0.5,9.0
3760.0,39.765625,0.0,3760.0,74.9,45.854761329513686,3760.0,0.0,3182.0,0.5,9.0
3770.0,39.96875,0.0,3770.0,74.9,45.854761329513686,3770.0,0.0,3191.0,0.5,9.0
3780.0,40.171875,0.0,3780.0,75.3,46.66378751889442,3780.0,0.0,3201.0,0.5,9.0
3790.0,40.375,0.0,3790.0,75.2,46.603279592117964,3790.0,0.0,3206.0,0.5,9.0
3800.0,40.578125,0.0,3800.0,75.5,47.203282447354134,3800.0,0.0,3216.0,0.5,9.0
3810.0,40.796875,0.0,3810.0,75.9,48.04018800396706,3810.0,0.0,3226.0,0.5,9.0
3820.0,41.015625,0.0,3820.0,76.0,48.36488812392428,3820.0,0.0,3231.0,0.5,9.0
3830.0,41.234375,0.0,3830.0,75.8,48.27468280838549,3830.0,0.0,3240.0,0.5,9.0
3840.0,41.390625,0.0,3840.0,75.6,48.005455165359706,3840.0,0.0,3248.0,0.5,10.0
3850.0,41.59375,0.0,3850.0,75.6,47.772854727198784,3850.0,0.0,3256.0,0.5,10.0
3860.0,41.796875,0.0,3860.0,76.0,48.45870038613024,3860.0,0.0,3265.0,0.5,10.0
3870.0,42.03125,0.0,3870.0,76.0,48.520831903356445,3870.0,0.0,3268.0,0.5,10.0
3880.0,42.234375,0.0,3880.0,75.9,48.425810206981566,3880.0,0.0,3273.0,0.5,10.0
3890.0,42.46875,0.0,3890.0,75.8,48.373553606171285,3890.0,0.0,3280.0,0.5,10.0
3900.0,42.671875,0.0,3900.0,75.4,47.639967306906414,3900.0,0.0,3290.0,0.5,10.0
3910.0,42.890625,0.0,3910.0,75.6,47.803243900038936,3910.0,0.0,3297.0,0.5,10.0
3920.0,43.09375,0.0,3920.0,75.8,47.920253426072584,3920.0,0.0,3304.0,0.5,10.0
3930.0,43.296875,0.0,3930.0,75.5,47.359374328563455,3930.0,0.0,3313.0,0.5,11.0
3940.0,43.515625,0.0,3940.0,75.1,46.54633509651715,3940.0,0.0,3322.0,0.5,11.0
3950.0,43.71875,0.0,3950.0,75.1,46.54633509651715,3950.0,0.0,3331.0,0.5,11.0
3960.0,43.9375,0.0,3960.0,74.7,45.86614173228347,3960.0,0.0,3341.0,0.5,11.0
3970.0,44.171875,0.0,3970.0,74.7,45.93000393236336,3970.0,0.0,3343.0,0.5,11.0
3980.0,44.40625,0.0,3980.0,74.5,45.50257313340971,3980.0,0.0,3346.0,0.5,11.0
3990.0,44.59375,0.0,3990.0,74.0,44.453939497521795,3990.0,0.0,3355.0,0.5,11.0
4000.0,44.8125,0.0,4000.0,74.1,44.80201184945228,4000.0,0.0,3365.0,0.5,11.0
4010.0,45.03125,0.0,4010.0,74.0,44.50515675158801,4010.0,0.0,3375.0,0.5,11.0
4020.0,45.265625,0.0,4020.0,74.1,44.58233481684354,4020.0,0.0,3385.0,0.5,11.0
4030.0,45.5,0.0,4030.0,74.1,44.46636248241792,4030.0,0.0,3395.0,0.5,10.0
4040.0,45.703125,0.0,4040.0,73.8,43.910908257941315,4040.0,0.0,3404.0,0.5,10.0
4050.0,45.9375,0.0,4050.0,73.9,43.97025486020471,4050.0,0.0,3414.0,0.5,10.0
4060.0,46.15625,0.0,4060.0,73.8,43.827210785175524,4060.0,0.0,3423.0,0.5,10.0
4070.0,46.375,0.0,4070.0,73.7,43.60870012693403,4070.0,0.0,3427.0,0.5,10.0
4080.0,46.609375,0.0,4080.0,73.7,43.54090815415264,4080.0,0.0,3432.0,0.5,10.0
4090.0,46.828125,0.0,4090.0,73.6,43.14070092008684,4090.0,0.0,3434.0,0.5,10.0
4100.0,47.046875,0.0,4100.0,73.6,43.14070092008684,4100.0,0.0,3444.0,0.5,10.0
4110.0,47.265625,0.0,4110.0,73.7,43.263206944756064,4110.0,0.0,3454.0,0.5,10.0
4120.0,47.484375,0.0,4120.0,73.6,43.05042625893073,4120.0,0.0,3459.0,0.5,10.0
4130.0,47.703125,0.0,4130.0,73.7,43.359004841405216,4130.0,0.0,3467.0,0.5,10.0
4140.0,47.9375,0.0,4140.0,73.6,43.165916772512965,4140.0,0.0,3477.0,0.5,10.0
4150.0,48.15625,0.0,4150.0,73.7,43.23822678810376,4150.0,0.0,3485.0,0.5,9.0
4160.0,48.375,0.0,4160.0,73.5,42.972979952312514,4160.0,0.0,3494.0,0.5,9.0
4170.0,48.625,0.0,4170.0,73.4,42.8055388320289,4170.0,0.0,3504.0,0.5,9.0
4180.0,48.828125,0.0,4180.0,73.4,42.639035645742126,4180.0,0.0,3514.0,0.5,9.0
4190.0,49.078125,0.0,4190.0,73.5,42.87758990851792,4190.0,0.0,3513.0,0.5,9.0
4200.0,49.3125,0.0,4200.0,73.7,43.12037717894373,4200.0,0.0,3523.0,0.5,9.0
4210.0,49.53125,0.0,4210.0,73.5,42.812009046492754,4210.0,0.0,3533.0,0.5,9.0
4220.0,49.78125,0.0,4220.0,73.5,42.59347515272302,4220.0,0.0,3541.0,0.5,9.0
4230.0,50.0,0.0,4230.0,73.3,42.30769230769232,4230.0,0.0,3549.0,0.5,9.0
4240.0,50.25,0.0,4240.0,73.6,42.86011116305646,4240.0,0.0,3555.0,0.5,9.0
4250.0,50.5,0.0,4250.0,73.4,42.27831400597181,4250.0,0.0,3565.0,0.5,10.0
4260.0,50.703125,0.0,4260.0,73.3,42.1336431097857,4260.0,0.0,3573.0,0.5,10.0
4270.0,50.953125,0.0,4270.0,73.2,42.04152249134948,4270.0,0.0,3583.0,0.5,10.0
4280.0,51.171875,0.0,4280.0,73.1,42.048343315093284,4280.0,0.0,3590.0,0.5,10.0
4290.0,51.375,0.0,4290.0,73.0,41.63600755705622,4290.0,0.0,3598.0,0.5,10.0
4300.0,51.609375,0.0,4300.0,73.0,41.7098445595855,4300.0,0.0,3606.0,0.5,10.0
4310.0,51.84375,0.0,4310.0,73.1,41.94879408870397,4310.0,0.0,3610.0,0.5,10.0
4320.0,52.109375,0.0,4320.0,73.1,41.80159753533012,4320.0,0.0,3608.0,0.5,10.0
4330.0,52.359375,0.0,4330.0,73.2,41.96747580173665,4330.0,0.0,3618.0,0.5,10.0
4340.0,52.59375,0.0,4340.0,73.4,42.40055434052966,4340.0,0.0,3628.0,0.5,10.0
4350.0,52.828125,0.0,4350.0,73.3,41.90701641398757,4350.0,0.0,3634.0,0.5,10.0
4360.0,53.0625,0.0,4360.0,73.7,42.85242453477963,4360.0,0.0,3643.0,0.5,10.0
4370.0,53.296875,0.0,4370.0,74.0,43.576388888888886,4370.0,0.0,3653.0,0.5,10.0
4380.0,53.53125,0.0,4380.0,73.8,43.263271413784,4380.0,0.0,3663.0,0.5,10.0
4390.0,53.75,0.0,4390.0,73.9,43.35888332363996,4390.0,0.0,3671.0,0.5,10.0
4400.0,53.984375,0.0,4400.0,73.8,43.190688476816604,4400.0,0.0,3677.0,0.5,10.0
4410.0,54.25,0.0,4410.0,73.5,42.46684787800367,4410.0,0.0,3686.0,0.5,10.0
4420.0,54.5,0.0,4420.0,73.9,43.31016507384883,4420.0,0.0,3695.0,0.5,10.0
4430.0,54.734375,0.0,4430.0,73.6,43.02461595569733,4430.0,0.0,3705.0,0.5,10.0
4440.0,54.984375,0.0,4440.0,73.5,42.87758990851792,4440.0,0.0,3713.0,0.5,10.0
4450.0,55.234375,0.0,4450.0,73.6,43.21041830689606,4450.0,0.0,3723.0,0.5,10.0
4460.0,55.484375,0.0,4460.0,73.6,43.34788262711319,4460.0,0.0,3730.0,0.5,10.0
4470.0,55.734375,0.0,4470.0,73.4,42.78019420316043,4470.0,0.0,3735.0,0.5,10.0
4480.0,56.0,0.0,4480.0,73.2,42.23341150503517,4480.0,0.0,3745.0,0.5,10.0
4490.0,56.21875,0.0,4490.0,73.2,42.13562718070957,4490.0,0.0,3754.0,0.5,10.0
4500.0,56.4375,0.0,4500.0,73.4,42.80061930156547,4500.0,0.0,3764.0,0.5,10.0
4510.0,56.6875,0.0,4510.0,73.1,42.20274160972885,4510.0,0.0,3773.0,0.5,10.0
4520.0,56.890625,0.0,4520.0,73.1,42.36570566658668,4520.0,0.0,3779.0,0.5,10.0
4530.0,57.078125,0.0,4530.0,72.89999999999999,42.073718140544976,4530.0,0.0,3787.0,0.5,9.0
4540.0,57.3125,0.0,4540.0,72.89999999999999,41.91230687449629,4540.0,0.0,3793.0,0.5,9.0
4550.0,57.5625,0.0,4550.0,72.8,41.58100695443749,4550.0,0.0,3803.0,0.5,9.0
4560.0,57.796875,0.0,4560.0,73.1,42.22409319747762,4560.0,0.0,3813.0,0.5,9.0
4570.0,58.03125,0.0,4570.0,72.8,41.69596158792764,4570.0,0.0,3822.0,0.5,9.0
4580.0,58.265625,0.0,4580.0,72.8,41.6266422872055,4580.0,0.0,3832.0,0.5,9.0
4590.0,58.484375,0.0,4590.0,73.1,42.154518398733856,4590.0,0.0,3840.0,0.5,9.0
4600.0,58.765625,0.0,4600.0,72.89999999999999,41.773022216492635,4600.0,0.0,3850.0,0.5,9.0
4610.0,58.984375,0.0,4610.0,72.8,41.65694282380397,4610.0,0.0,3857.0,0.5,9.0
4620.0,59.21875,0.0,4620.0,72.89999999999999,41.82352132994435,4620.0,0.0,3866.0,0.5,9.0
4630.0,59.46875,0.0,4630.0,73.3,42.58755934769146,4630.0,0.0,3874.0,0.5,9.0
4640.0,59.734375,0.0,4640.0,73.6,43.14070092008684,4640.0,0.0,3883.0,0.5,9.0
4650.0,59.984375,0.0,4650.0,73.6,43.04551181374157,4650.0,0.0,3887.0,0.5,10.0
4660.0,60.234375,0.0,4660.0,73.5,43.017615082914745,4660.0,0.0,3897.0,0.5,10.0
4670.0,60.46875,0.0,4670.0,73.6,43.27947748367137,4670.0,0.0,3907.0,0.5,10.0
4680.0,60.703125,0.0,4680.0,73.7,43.35412502584603,4680.0,0.0,3913.0,0.5,10.0
4690.0,60.9375,0.0,4690.0,73.9,43.82989712908364,4690.0,0.0,3922.0,0.5,10.0
4700.0,61.203125,0.0,4700.0,74.0,43.790832717194384,4700.0,0.0,3930.0,0.5,10.0
4710.0,61.453125,0.0,4710.0,74.0,43.76773479133504,4710.0,0.0,3940.0,0.5,10.0
4720.0,61.71875,0.0,4720.0,74.1,43.98352812935263,4720.0,0.0,3945.0,0.5,10.0
4730.0,61.96875,0.0,4730.0,74.4,44.63284656377604,4730.0,0.0,3955.0,0.5,10.0
4740.0,62.21875,0.0,4740.0,74.4,44.53880550452355,4740.0,0.0,3961.0,0.5,10.0
4750.0,62.515625,0.0,4750.0,74.2,44.2465942880852,4750.0,0.0,3970.0,0.5,10.0
4760.0,62.765625,0.0,4760.0,74.3,44.623048878239665,4760.0,0.0,3979.0,0.5,10.0
4770.0,63.03125,0.0,4770.0,73.9,43.92161918267372,4770.0,0.0,3976.0,0.5,10.0
4780.0,63.28125,0.0,4780.0,73.9,43.78489213591564,4780.0,0.0,3986.0,0.5,10.0
4790.0,63.53125,0.0,4790.0,73.6,43.04551181374157,4790.0,0.0,3992.0,0.5,10.0
4800.0,63.78125,0.0,4800.0,73.4,42.755319881550854,4800.0,0.0,4001.0,0.5,10.0
4810.0,64.046875,0.0,4810.0,73.3,42.42165463343943,4810.0,0.0,4011.0,0.5,10.0
4820.0,64.265625,0.0,4820.0,73.4,42.56546673115456,4820.0,0.0,4017.0,0.5,10.0
4830.0,64.53125,0.0,4830.0,73.5,42.51626898047723,4830.0,0.0,4027.0,0.5,10.0
4840.0,64.78125,0.0,4840.0,73.7,42.80271067305768,4840.0,0.0,4037.0,0.5,10.0
4850.0,65.046875,0.0,4850.0,73.6,42.80564317653991,4850.0,0.0,4044.0,0.5,10.0
4860.0,65.265625,0.0,4860.0,73.5,42.710134901418186,4860.0,0.0,4049.0,0.5,10.0
4870.0,65.515625,0.0,4870.0,73.3,42.39730755954436,4870.0,0.0,4058.0,0.5,9.0
4880.0,65.796875,0.0,4880.0,73.3,42.30270550609387,4880.0,0.0,4068.0,0.5,9.0
4890.0,66.0625,0.0,4890.0,73.5,42.515770201910655,4890.0,0.0,4076.0,0.5,9.0
4900.0,66.328125,0.0,4900.0,73.9,43.21148825065274,4900.0,0.0,4085.0,0.5,9.0
4910.0,66.59375,0.0,4910.0,73.6,42.60869565217391,4910.0,0.0,4089.0,0.5,9.0
4920.0,66.875,0.0,4920.0,73.3,42.13113474992848,4920.0,0.0,4099.0,0.5,9.0
4930.0,67.140625,0.0,4930.0,73.1,41.822743198235216,4930.0,0.0,4106.0,0.5,9.0
4940.0,67.40625,0.0,4940.0,73.5,42.73489497795834,4940.0,0.0,4116.0,0.5,9.0
4950.0,67.65625,0.0,4950.0,73.6,42.97440328329193,4950.0,0.0,4126.0,0.5,9.0
4960.0,67.953125,0.0,4960.0,73.9,43.5748875821515,4960.0,0.0,4136.0,0.5,9.0
4970.0,68.21875,0.0,4970.0,74.0,43.72002008762361,4970.0,0.0,4144.0,0.5,9.0
4980.0,68.484375,0.0,4980.0,74.1,44.0537084398977,4980.0,0.0,4153.0,0.5,9.0
4990.0,68.765625,0.0,4990.0,74.5,44.94105454074362,4990.0,0.0,4163.0,0.5,8.0
5000.0,69.09375,0.0,5000.0,74.5,44.708494509878754,5000.0,0.0,4171.0,0.5,8.0
5010.0,69.359375,0.0,5010.0,74.5,44.77889904283425,5010.0,0.0,4180.0,0.5,8.0
5020.0,69.640625,0.0,5020.0,74.7,45.11882966446564,5020.0,0.0,4189.0,0.5,8.0
5030.0,69.921875,0.0,5030.0,74.8,45.476968346351065,5030.0,0.0,4197.0,0.5,8.0
5040.0,70.1875,0.0,5040.0,74.9,45.78412144356797,5040.0,0.0,4204.0,0.5,8.0
5050.0,70.453125,0.0,5050.0,74.8,45.7492841919442,5050.0,0.0,4213.0,0.5,8.0
5060.0,70.75,0.0,5060.0,75.1,46.216120475890136,5060.0,0.0,4223.0,0.5,8.0
5070.0,71.015625,0.0,5070.0,75.3,46.6914145120214,5070.0,0.0,4232.0,0.5,8.0
5080.0,71.328125,0.0,5080.0,75.3,46.60152196471809,5080.0,0.0,4241.0,0.5,8.0
5090.0,71.59375,0.0,5090.0,75.1,46.326490140456464,5090.0,0.0,4251.0,0.5,8.0
5100.0,71.875,0.0,5100.0,75.2,46.49729897654512,5100.0,0.0,4259.0,0.5,8.0
5110.0,72.109375,0.0,5110.0,75.0,46.132531210811415,5110.0,0.0,4269.0,0.5,8.0
5120.0,72.40625,0.0,5120.0,75.3,46.7121159820504,5120.0,0.0,4278.0,0.5,8.0
5130.0,72.671875,0.0,5130.0,75.4,46.994410711438434,5130.0,0.0,4284.0,0.5,8.0
5140.0,72.9375,0.0,5140.0,75.5,47.1887151984411,5140.0,0.0,4293.0,0.5,8.0
5150.0,73.21875,0.0,5150.0,75.5,47.27690599364742,5150.0,0.0,4296.0,0.5,9.0
5160.0,73.515625,0.0,5160.0,75.6,47.34093292875056,5160.0,0.0,4306.0,0.5,9.0
5170.0,73.796875,0.0,5170.0,75.5,47.14633346564728,5170.0,0.0,4314.0,0.5,9.0
5180.0,74.0625,0.0,5180.0,75.4,47.25761012653886,5180.0,0.0,4324.0,0.5,9.0
5190.0,74.34375,0.0,5190.0,75.2,46.839296049388004,5190.0,0.0,4333.0,0.5,9.0
5200.0,74.640625,0.0,5200.0,74.9,46.36981325584378,5200.0,0.0,4343.0,0.5,9.0
5210.0,74.921875,0.0,5210.0,75.0,46.70168721138963,5210.0,0.0,4353.0,0.5,9.0
5220.0,75.203125,0.0,5220.0,74.9,46.532038173142475,5220.0,0.0,4361.0,0.5,9.0
5230.0,75.46875,0.0,5230.0,74.9,46.568460490463224,5230.0,0.0,4371.0,0.5,9.0
5240.0,75.75,0.0,5240.0,74.8,46.663505985539885,5240.0,0.0,4378.0,0.5,9.0
5250.0,76.015625,0.0,5250.0,74.6,46.2920359970228,5250.0,0.0,4379.0,0.5,9.0
5260.0,76.328125,0.0,5260.0,74.4,45.9507391658679,5260.0,0.0,4377.0,0.5,10.0
5270.0,76.59375,0.0,5270.0,74.6,46.404230267683445,5270.0,0.0,4385.0,0.5,10.0
5280.0,76.890625,0.0,5280.0,74.8,46.65605432615167,5280.0,0.0,4393.0,0.5,10.0
5290.0,77.171875,0.0,5290.0,74.8,46.74128522577892,5290.0,0.0,4403.0,0.5,10.0
5300.0,77.453125,0.0,5300.0,74.8,46.65605432615167,5300.0,0.0,4412.0,0.5,10.0
5310.0,77.71875,0.0,5310.0,74.6,46.259309410968186,5310.0,0.0,4420.0,0.5,10.0
5320.0,78.03125,0.0,5320.0,74.6,46.259309410968186,5320.0,0.0,4428.0,0.5,10.0
5330.0,78.296875,0.0,5330.0,74.4,45.928363530370945,5330.0,0.0,4438.0,0.5,10.0
5340.0,78.59375,0.0,5340.0,74.3,45.850048882446146,5340.0,0.0,4446.0,0.5,10.0
5350.0,78.875,0.0,5350.0,74.2,45.79991344792381,5350.0,0.0,4453.0,0.5,10.0
5360.0,79.203125,0.0,5360.0,74.0,45.354272455190504,5360.0,0.0,4462.0,0.5,10.0
5370.0,79.46875,0.0,5370.0,74.0,45.24010109519798,5370.0,0.0,4469.0,0.5,10.0
5380.0,79.796875,0.0,5380.0,74.0,45.32301480484522,5380.0,0.0,4476.0,0.5,10.0
5390.0,80.078125,0.0,5390.0,74.0,45.354272455190504,5390.0,0.0,4486.0,0.5,10.0
5400.0,80.40625,0.0,5400.0,74.1,45.43462689082711,5400.0,0.0,4492.0,0.5,10.0
5410.0,80.71875,0.0,5410.0,74.4,45.89453661629504,5410.0,0.0,4502.0,0.5,10.0
5420.0,81.0,0.0,5420.0,74.4,45.83615436696006,5420.0,0.0,4509.0,0.5,9.0
5430.0,81.3125,0.0,5430.0,74.7,46.37149083016084,5430.0,0.0,4519.0,0.5,9.0
5440.0,81.625,0.0,5440.0,74.9,46.61755197876612,5440.0,0.0,4528.0,0.5,9.0
5450.0,81.921875,0.0,5450.0,74.8,46.24022937502134,5450.0,0.0,4535.0,0.5,9.0
5460.0,82.234375,0.0,5460.0,74.5,45.635952756576984,5460.0,0.0,4544.0,0.5,9.0
5470.0,82.53125,0.0,5470.0,74.7,46.1404181036318,5470.0,0.0,4554.0,0.5,9.0
5480.0,82.875,0.0,5480.0,74.8,46.43221549554452,5480.0,0.0,4564.0,0.5,9.0
5490.0,83.1875,0.0,5490.0,74.9,46.62572512461086,5490.0,0.0,4573.0,0.5,9.0
5500.0,83.515625,0.0,5500.0,74.9,46.405541368089295,5500.0,0.0,4583.0,0.5,9.0
5510.0,83.859375,0.0,5510.0,75.3,47.17752628292316,5510.0,0.0,4587.0,0.5,9.0
5520.0,84.234375,0.0,5520.0,75.4,47.35039808235596,5520.0,0.0,4597.0,0.5,9.0
5530.0,84.578125,0.0,5530.0,75.4,47.18582003675523,5530.0,0.0,4607.0,0.5,9.0
5540.0,84.90625,0.0,5540.0,75.4,47.390932420872545,5540.0,0.0,4616.0,0.5,8.0
5550.0,85.265625,0.0,5550.0,75.5,47.58461340978136,5550.0,0.0,4624.0,0.5,8.0
5560.0,85.59375,0.0,5560.0,75.3,47.03298965534988,5560.0,0.0,4634.0,0.5,8.0
5570.0,85.9375,0.0,5570.0,75.6,47.71869228165054,5570.0,0.0,4643.0,0.5,8.0
5580.0,86.328125,0.0,5580.0,75.5,47.60523862071326,5580.0,0.0,4649.0,0.5,8.0
5590.0,86.609375,0.0,5590.0,75.4,47.471814144174914,5590.0,0.0,4658.0,0.5,8.0
5600.0,86.9375,0.0,5600.0,75.8,48.36562259964155,5600.0,0.0,4658.0,0.5,8.0
5610.0,87.265625,0.0,5610.0,75.8,48.405253283302066,5610.0,0.0,4668.0,0.5,8.0
5620.0,87.59375,0.0,5620.0,75.8,48.46260983640074,5620.0,0.0,4674.0,0.5,8.0
5630.0,87.9375,0.0,5630.0,75.7,48.19426086214983,5630.0,0.0,4683.0,0.5,8.0
5640.0,88.25,0.0,5640.0,75.4,47.632833787465934,5640.0,0.0,4691.0,0.5,8.0
5650.0,88.546875,0.0,5650.0,75.6,48.05858310626703,5650.0,0.0,4701.0,0.5,8.0
5660.0,88.875,0.0,5660.0,75.5,47.7678761778877,5660.0,0.0,4709.0,0.5,8.0
5670.0,89.203125,0.0,5670.0,75.4,47.51664106502817,5670.0,0.0,4717.0,0.5,8.0
5680.0,89.5625,0.0,5680.0,75.4,47.87583430448141,5680.0,0.0,4727.0,0.5,8.0
5690.0,89.890625,0.0,5690.0,75.3,47.5712987884088,5690.0,0.0,4729.0,0.5,8.0
5700.0,90.203125,0.0,5700.0,75.4,47.89636884287578,5700.0,0.0,4733.0,0.5,8.0
5710.0,90.53125,0.0,5710.0,75.7,48.53439512029821,5710.0,0.0,4743.0,0.5,8.0
5720.0,90.84375,0.0,5720.0,75.6,48.303551376523885,5720.0,0.0,4753.0,0.5,8.0
5730.0,91.171875,0.0,5730.0,75.7,48.46454021038345,5730.0,0.0,4762.0,0.5,8.0
5740.0,91.484375,0.0,5740.0,75.8,48.68097378912545,5740.0,0.0,4767.0,0.5,8.0
5750.0,91.8125,0.0,5750.0,75.7,48.379586356915866,5750.0,0.0,4776.0,0.5,8.0
5760.0,92.15625,0.0,5760.0,75.7,48.379586356915866,5760.0,0.0,4786.0,0.5,8.0
5770.0,92.515625,0.0,5770.0,75.9,48.76264988519432,5770.0,0.0,4794.0,0.5,8.0
5780.0,92.859375,0.0,5780.0,75.8,48.69228942637132,5780.0,0.0,4803.0,0.5,8.0
5790.0,93.1875,0.0,5790.0,75.9,48.937648843575474,5790.0,0.0,4810.0,0.5,8.0
5800.0,93.5,0.0,5800.0,76.2,49.64454976303318,5800.0,0.0,4818.0,0.5,8.0
5810.0,93.828125,0.0,5810.0,76.3,49.88835887546941,5810.0,0.0,4827.0,0.5,8.0
5820.0,94.171875,0.0,5820.0,75.9,49.05638042412149,5820.0,0.0,4836.0,0.5,9.0
5830.0,94.5,0.0,5830.0,76.0,49.388443694643605,5830.0,0.0,4838.0,0.5,9.0
5840.0,94.859375,0.0,5840.0,76.0,49.374992089842515,5840.0,0.0,4839.0,0.5,9.0
5850.0,95.1875,0.0,5850.0,76.1,49.50348616099726,5850.0,0.0,4846.0,0.5,9.0
5860.0,95.484375,0.0,5860.0,76.1,49.541439356832804,5860.0,0.0,4856.0,0.5,9.0
5870.0,95.796875,0.0,5870.0,76.2,49.721142470846715,5870.0,0.0,4865.0,0.5,9.0
5880.0,96.125,0.0,5880.0,76.2,49.771438942752106,5880.0,0.0,4872.0,0.5,9.0
5890.0,96.4375,0.0,5890.0,76.0,49.54697386953689,5890.0,0.0,4875.0,0.5,9.0
5900.0,96.765625,0.0,5900.0,75.8,49.200644857929746,5900.0,0.0,4882.0,0.5,9.0
5910.0,97.09375,0.0,5910.0,76.0,49.66801863961043,5910.0,0.0,4889.0,0.5,9.0
5920.0,97.421875,0.0,5920.0,76.0,49.65513769319841,5920.0,0.0,4899.0,0.5,8.0
5930.0,97.78125,0.0,5930.0,76.6,50.84343423733798,5930.0,0.0,4908.0,0.5,8.0
5940.0,98.09375,0.0,5940.0,76.4,50.24288220213198,5940.0,0.0,4918.0,0.5,8.0
5950.0,98.421875,0.0,5950.0,76.4,50.34004444145176,5950.0,0.0,4927.0,0.5,8.0
5960.0,98.78125,0.0,5960.0,76.0,49.48623289372325,5960.0,0.0,4935.0,0.5,8.0
5970.0,99.109375,0.0,5970.0,75.9,49.318640646029614,5970.0,0.0,4944.0,0.5,8.0
5980.0,99.421875,0.0,5980.0,76.0,49.534879808905416,5980.0,0.0,4954.0,0.5,8.0
5990.0,99.734375,0.0,5990.0,76.1,49.75191321167271,5990.0,0.0,4964.0,0.5,8.0
6000.0,100.03125,0.0,6000.0,75.9,49.42712049355772,6000.0,0.0,4973.0,0.5,8.0
6010.0,100.375,0.0,6010.0,75.7,49.10184657662791,6010.0,0.0,4981.0,0.5,8.0
6020.0,100.703125,0.0,6020.0,75.6,49.0926388790366,6020.0,0.0,4990.0,0.5,8.0
6030.0,101.046875,0.0,6030.0,75.7,49.252783787621865,6030.0,0.0,4998.0,0.5,8.0
6040.0,101.34375,0.0,6040.0,75.5,48.77991670987272,6040.0,0.0,5000.0,0.5,8.0
6050.0,101.703125,0.0,6050.0,75.4,48.48750088995172,6050.0,0.0,5000.0,0.5,8.0
6060.0,102.078125,0.0,6060.0,74.9,47.6634110945228,6060.0,0.0,5000.0,0.5,8.0
6070.0,102.421875,0.0,6070.0,74.6,47.03036369703037,6070.0,0.0,5000.0,0.5,8.0
6080.0,102.734375,0.0,6080.0,75.1,48.04533618214596,6080.0,0.0,5000.0,0.5,8.0
6090.0,103.09375,0.0,6090.0,74.8,47.53759805472744,6090.0,0.0,5000.0,0.5,8.0
6100.0,103.40625,0.0,6100.0,74.8,47.48249416472158,6100.0,0.0,5000.0,0.5,8.0
6110.0,103.75,0.0,6110.0,75.1,48.03536099772107,6110.0,0.0,5000.0,0.5,8.0
6120.0,104.09375,0.0,6120.0,74.9,47.76274713839751,6120.0,0.0,5000.0,0.5,8.0
6130.0,104.4375,0.0,6130.0,74.8,47.571652075496814,6130.0,0.0,5000.0,0.5,8.0
6140.0,104.734375,0.0,6140.0,74.7,47.38068101461694,6140.0,0.0,5000.0,0.5,8.0
6150.0,105.09375,0.0,6150.0,74.9,47.830496919713006,6150.0,0.0,5000.0,0.5,8.0
6160.0,105.40625,0.0,6160.0,74.8,47.587354409317804,6160.0,0.0,5000.0,0.5,8.0
6170.0,105.734375,0.0,6170.0,74.7,47.26398025630123,6170.0,0.0,4993.0,0.5,8.0
6180.0,106.0625,0.0,6180.0,74.8,47.35434702677407,6180.0,0.0,5000.0,0.5,9.0
6190.0,106.375,0.0,6190.0,74.7,47.148968882649825,6190.0,0.0,5000.0,0.5,9.0
6200.0,106.71875,0.0,6200.0,74.7,47.10255831263434,6200.0,0.0,5000.0,0.5,9.0
6210.0,107.015625,0.0,6210.0,74.5,46.59685863874346,6210.0,0.0,4998.0,0.5,9.0
6220.0,107.34375,0.0,6220.0,74.3,46.22620980566111,6220.0,0.0,5000.0,0.5,9.0
6230.0,107.71875,0.0,6230.0,74.4,46.35935044525929,6230.0,0.0,5000.0,0.5,9.0
6240.0,108.046875,0.0,6240.0,74.5,46.53370682858916,6240.0,0.0,4999.0,0.5,9.0
6250.0,108.421875,0.0,6250.0,74.8,47.16538074471654,6250.0,0.0,5000.0,0.5,9.0
6260.0,108.78125,0.0,6260.0,75.1,47.66708701134931,6260.0,0.0,5000.0,0.5,9.0
6270.0,109.140625,0.0,6270.0,75.1,47.66708701134931,6270.0,0.0,5000.0,0.5,8.0
6280.0,109.515625,0.0,6280.0,74.7,46.86704580774691,6280.0,0.0,5000.0,0.5,8.0
6290.0,109.8125,0.0,6290.0,74.7,46.91208809655705,6290.0,0.0,4998.0,0.5,8.0
6300.0,110.1875,0.0,6300.0,74.5,46.54446661859162,6300.0,0.0,5000.0,0.5,8.0
6310.0,110.546875,0.0,6310.0,74.5,46.54446661859162,6310.0,0.0,5000.0,0.5,8.0
6320.0,110.859375,0.0,6320.0,74.4,46.35080704313311,6320.0,0.0,5000.0,0.5,8.0
6330.0,111.1875,0.0,6330.0,74.2,45.93461860854987,6330.0,0.0,4997.0,0.5,8.0
6340.0,111.515625,0.0,6340.0,74.2,45.93461860854987,6340.0,0.0,5000.0,0.5,8.0
6350.0,111.859375,0.0,6350.0,74.1,45.65673520772136,6350.0,0.0,5000.0,0.5,8.0
6360.0,112.21875,0.0,6360.0,74.0,45.47368685957796,6360.0,0.0,5000.0,0.5,8.0
6370.0,112.578125,0.0,6370.0,73.7,44.97447485145201,6370.0,0.0,5000.0,0.5,9.0
6380.0,112.90625,0.0,6380.0,74.1,45.85894059116184,6380.0,0.0,5000.0,0.5,9.0
6390.0,113.265625,0.0,6390.0,74.2,46.093896909801295,6390.0,0.0,5000.0,0.5,9.0
6400.0,113.59375,0.0,6400.0,74.2,46.181830318403314,6400.0,0.0,5000.0,0.5,9.0
6410.0,113.921875,0.0,6410.0,73.8,45.53920345888418,6410.0,0.0,5000.0,0.5,9.0
6420.0,114.265625,0.0,6420.0,73.6,45.20661671613292,6420.0,0.0,5000.0,0.5,9.0
6430.0,114.640625,0.0,6430.0,73.6,45.118224491408085,6430.0,0.0,5000.0,0.5,9.0
6440.0,114.96875,0.0,6440.0,73.6,45.21184752291141,6440.0,0.0,5000.0,0.5,9.0
6450.0,115.328125,0.0,6450.0,73.6,45.42364892521799,6450.0,0.0,5000.0,0.5,9.0
6460.0,115.671875,0.0,6460.0,73.7,45.583354713764315,6460.0,0.0,4999.0,0.5,9.0
6470.0,116.0,0.0,6470.0,73.7,45.59010939905,6470.0,0.0,5000.0,0.5,10.0
6480.0,116.359375,0.0,6480.0,73.8,45.821201694018,6480.0,0.0,5000.0,0.5,10.0
6490.0,116.703125,0.0,6490.0,73.7,45.70602807597028,6490.0,0.0,5000.0,0.5,10.0
6500.0,117.046875,0.0,6500.0,73.6,45.556233811228616,6500.0,0.0,5000.0,0.5,10.0
6510.0,117.40625,0.0,6510.0,73.4,45.11027469624934,6510.0,0.0,5000.0,0.5,10.0
6520.0,117.765625,0.0,6520.0,73.6,45.51645856980704,6520.0,0.0,5000.0,0.5,10.0
6530.0,118.078125,0.0,6530.0,73.6,45.569703767236255,6530.0,0.0,5000.0,0.5,10.0
6540.0,118.390625,0.0,6540.0,73.6,45.48968433571748,6540.0,0.0,5000.0,0.5,10.0
6550.0,118.71875,0.0,6550.0,73.4,45.150341676255046,6550.0,0.0,5000.0,0.5,10.0
6560.0,119.046875,0.0,6560.0,73.5,45.29314616019819,6560.0,0.0,4998.0,0.5,10.0
6570.0,119.390625,0.0,6570.0,73.5,45.25924395785994,6570.0,0.0,5000.0,0.5,11.0
6580.0,119.734375,0.0,6580.0,73.7,45.62475706878158,6580.0,0.0,5000.0,0.5,11.0
6590.0,120.078125,0.0,6590.0,73.6,45.49711175982393,6590.0,0.0,5000.0,0.5,11.0
6600.0,120.453125,0.0,6600.0,73.5,45.27416610219894,6600.0,0.0,5000.0,0.5,11.0
6610.0,120.8125,0.0,6610.0,73.3,44.819661560590895,6610.0,0.0,5000.0,0.5,11.0
6620.0,121.125,0.0,6620.0,72.8,43.871234007428804,6620.0,0.0,5000.0,0.5,11.0
6630.0,121.5,0.0,6630.0,72.39999999999999,43.11811646771746,6630.0,0.0,5000.0,0.5,11.0
6640.0,121.828125,0.0,6640.0,72.5,43.339624352011334,6640.0,0.0,5000.0,0.5,11.0
6650.0,122.171875,0.0,6650.0,72.39999999999999,43.190004734166266,6650.0,0.0,5000.0,0.5,11.0
6660.0,122.546875,0.0,6660.0,72.39999999999999,43.230435068781674,6660.0,0.0,4996.0,0.5,11.0
6670.0,122.875,0.0,6670.0,72.5,43.643383528293064,6670.0,0.0,5000.0,0.5,10.0
6680.0,123.203125,0.0,6680.0,72.5,43.451010067776544,6680.0,0.0,5000.0,0.5,10.0
6690.0,123.578125,0.0,6690.0,72.3,43.10058665965522,6690.0,0.0,4999.0,0.5,10.0
6700.0,123.921875,0.0,6700.0,72.2,42.95961622901508,6700.0,0.0,5000.0,0.5,10.0
6710.0,124.21875,0.0,6710.0,72.1,42.678928034318666,6710.0,0.0,5000.0,0.5,10.0
6720.0,124.546875,0.0,6720.0,72.2,42.89892699278636,6720.0,0.0,5000.0,0.5,10.0
6730.0,124.890625,0.0,6730.0,72.1,42.60912494343193,6730.0,0.0,4998.0,0.5,10.0
6740.0,125.21875,0.0,6740.0,72.1,42.52636783124587,6740.0,0.0,5000.0,0.5,10.0
6750.0,125.59375,0.0,6750.0,72.0,42.377346065195916,6750.0,0.0,5000.0,0.5,10.0
6760.0,125.9375,0.0,6760.0,72.1,42.60912494343193,6760.0,0.0,5000.0,0.5,11.0
6770.0,126.265625,0.0,6770.0,71.89999999999999,42.179642295694535,6770.0,0.0,5000.0,0.5,11.0
6780.0,126.625,0.0,6780.0,71.7,41.71389969023923,6780.0,0.0,5000.0,0.5,11.0
6790.0,126.984375,0.0,6790.0,71.89999999999999,42.249989724197455,6790.0,0.0,5000.0,0.5,11.0
6800.0,127.328125,0.0,6800.0,71.5,41.48084267586547,6800.0,0.0,5000.0,0.5,11.0
6810.0,127.671875,0.0,6810.0,71.1,40.79324756207489,6810.0,0.0,4997.0,0.5,11.0
6820.0,128.03125,0.0,6820.0,71.6,41.818539399501766,6820.0,0.0,4998.0,0.5,11.0
6830.0,128.328125,0.0,6830.0,71.5,41.588306183851316,6830.0,0.0,5000.0,0.5,11.0
6840.0,128.734375,0.0,6840.0,71.5,41.714930794149396,6840.0,0.0,5000.0,0.5,11.0
6850.0,129.0625,0.0,6850.0,71.39999999999999,41.485530967657446,6850.0,0.0,5000.0,0.5,11.0
6860.0,129.390625,0.0,6860.0,71.39999999999999,41.52309837614142,6860.0,0.0,5000.0,0.5,12.0
6870.0,129.796875,0.0,6870.0,71.5,41.714930794149396,6870.0,0.0,5000.0,0.5,12.0
6880.0,130.15625,0.0,6880.0,71.7,42.123948823664136,6880.0,0.0,5000.0,0.5,12.0
6890.0,130.484375,0.0,6890.0,72.0,42.67581123963557,6890.0,0.0,5000.0,0.5,12.0
6900.0,130.875,0.0,6900.0,72.2,42.99821203024785,6900.0,0.0,5000.0,0.5,12.0
6910.0,131.203125,0.0,6910.0,72.39999999999999,43.397387256208845,6910.0,0.0,5000.0,0.5,12.0
6920.0,131.5625,0.0,6920.0,72.6,43.79164341746808,6920.0,0.0,5000.0,0.5,12.0
6930.0,131.90625,0.0,6930.0,72.2,43.08526973078103,6930.0,0.0,5000.0,0.5,12.0
6940.0,132.203125,0.0,6940.0,72.5,43.773359613324274,6940.0,0.0,4999.0,0.5,12.0
6950.0,132.53125,0.0,6950.0,72.5,43.66416467271952,6950.0,0.0,5000.0,0.5,12.0
6960.0,132.84375,0.0,6960.0,72.89999999999999,44.44672215161329,6960.0,0.0,5000.0,0.5,12.0
6970.0,133.171875,0.0,6970.0,72.89999999999999,44.39885104636848,6970.0,0.0,5000.0,0.5,12.0
6980.0,133.484375,0.0,6980.0,73.0,44.552373363781605,6980.0,0.0,5000.0,0.5,12.0
6990.0,133.84375,0.0,6990.0,73.0,44.4460447641426,6990.0,0.0,5000.0,0.5,12.0
7000.0,134.1875,0.0,7000.0,73.4,45.09758594498201,7000.0,0.0,5000.0,0.5,12.0
7010.0,134.53125,0.0,7010.0,73.6,45.41732999772572,7010.0,0.0,5000.0,0.5,12.0
7020.0,134.90625,0.0,7020.0,73.4,44.96126597364763,7020.0,0.0,5000.0,0.5,12.0
7030.0,135.25,0.0,7030.0,73.4,44.98221229420038,7030.0,0.0,4999.0,0.5,12.0
7040.0,135.59375,0.0,7040.0,73.7,45.59821280820784,7040.0,0.0,4999.0,0.5,11.0
7050.0,135.96875,0.0,7050.0,73.7,45.62205883569177,7050.0,0.0,5000.0,0.5,11.0
7060.0,136.28125,0.0,7060.0,73.7,45.66430041237284,7060.0,0.0,4999.0,0.5,11.0
7070.0,136.59375,0.0,7070.0,73.8,45.85613437598161,7070.0,0.0,5000.0,0.5,11.0
7080.0,136.9375,0.0,7080.0,73.5,45.318883762390946,7080.0,0.0,5000.0,0.5,11.0
7090.0,137.265625,0.0,7090.0,74.0,46.32357798771223,7090.0,0.0,5000.0,0.5,11.0
7100.0,137.609375,0.0,7100.0,73.7,45.82681057922057,7100.0,0.0,4990.0,0.5,11.0
7110.0,137.9375,0.0,7110.0,73.4,45.250366369728795,7110.0,0.0,5000.0,0.5,11.0
7120.0,138.296875,0.0,7120.0,73.3,44.891640866873054,7120.0,0.0,4998.0,0.5,11.0
7130.0,138.609375,0.0,7130.0,73.4,45.08398434274199,7130.0,0.0,4997.0,0.5,11.0
7140.0,138.9375,0.0,7140.0,73.7,45.75888069428632,7140.0,0.0,5000.0,0.5,11.0
7150.0,139.28125,0.0,7150.0,73.6,45.49688671610483,7150.0,0.0,5000.0,0.5,11.0
7160.0,139.609375,0.0,7160.0,73.7,45.746348708639324,7160.0,0.0,5000.0,0.5,11.0
7170.0,139.953125,0.0,7170.0,73.9,46.25604362114834,7170.0,0.0,5000.0,0.5,11.0
7180.0,140.3125,0.0,7180.0,74.0,46.44938849320937,7180.0,0.0,5000.0,0.5,11.0
7190.0,140.640625,0.0,7190.0,74.3,46.99894410347786,7190.0,0.0,5000.0,0.5,11.0
7200.0,141.0,0.0,7200.0,74.3,46.98407459361333,7200.0,0.0,5000.0,0.5,11.0
7210.0,141.375,0.0,7210.0,74.7,47.713444877984266,7210.0,0.0,5000.0,0.5,11.0
7220.0,141.734375,0.0,7220.0,74.7,47.671917400225034,7220.0,0.0,5000.0,0.5,11.0
7230.0,142.09375,0.0,7230.0,74.7,47.671917400225034,7230.0,0.0,5000.0,0.5,11.0
7240.0,142.484375,0.0,7240.0,74.6,47.33699348139794,7240.0,0.0,5000.0,0.5,11.0
7250.0,142.796875,0.0,7250.0,74.7,47.54519820865815,7250.0,0.0,5000.0,0.5,11.0
7260.0,143.140625,0.0,7260.0,74.9,47.98789837954329,7260.0,0.0,4999.0,0.5,11.0
7270.0,143.546875,0.0,7270.0,74.7,47.65892653216597,7270.0,0.0,5000.0,0.5,11.0
7280.0,143.890625,0.0,7280.0,75.2,48.65318122528417,7280.0,0.0,5000.0,0.5,11.0
7290.0,144.265625,0.0,7290.0,75.3,48.74625453398518,7290.0,0.0,5000.0,0.5,11.0
7300.0,144.625,0.0,7300.0,75.5,49.132131882734,7300.0,0.0,5000.0,0.5,11.0
7310.0,144.953125,0.0,7310.0,75.5,48.973641240961044,7310.0,0.0,5000.0,0.5,12.0
7320.0,145.296875,0.0,7320.0,75.7,49.4175735422686,7320.0,0.0,5000.0,0.5,12.0
7330.0,145.65625,0.0,7330.0,76.0,50.0998003992016,7330.0,0.0,5000.0,0.5,12.0
7340.0,146.03125,0.0,7340.0,75.9,49.84808756815249,7340.0,0.0,5000.0,0.5,12.0
7350.0,146.34375,0.0,7350.0,76.1,50.278771740034955,7350.0,0.0,5000.0,0.5,12.0
7360.0,146.703125,0.0,7360.0,76.1,50.436326232663085,7360.0,0.0,5000.0,0.5,12.0
7370.0,147.046875,0.0,7370.0,76.4,51.01539279013002,7370.0,0.0,5000.0,0.5,12.0
7380.0,147.375,0.0,7380.0,76.3,50.79434944731881,7380.0,0.0,5000.0,0.5,12.0
7390.0,147.75,0.0,7390.0,76.1,50.29366254596277,7390.0,0.0,5000.0,0.5,12.0
7400.0,148.09375,0.0,7400.0,76.2,50.45795170691092,7400.0,0.0,5000.0,0.5,12.0
7410.0,148.453125,0.0,7410.0,76.4,50.743234499772505,7410.0,0.0,5000.0,0.5,11.0
7420.0,148.84375,0.0,7420.0,76.4,50.65342394145323,7420.0,0.0,5000.0,0.5,11.0
7430.0,149.171875,0.0,7430.0,76.4,50.69857610802862,7430.0,0.0,5000.0,0.5,11.0
7440.0,149.515625,0.0,7440.0,76.3,50.504974563316054,7440.0,0.0,5000.0,0.5,11.0
7450.0,149.921875,0.0,7450.0,76.3,50.26024177300202,7450.0,0.0,5000.0,0.5,11.0
7460.0,150.25,0.0,7460.0,76.2,50.206913288896146,7460.0,0.0,5000.0,0.5,11.0
7470.0,150.609375,0.0,7470.0,76.3,50.52192066805845,7470.0,0.0,5000.0,0.5,11.0
7480.0,150.96875,0.0,7480.0,76.2,50.28409090909092,7480.0,0.0,5000.0,0.5,11.0
7490.0,151.28125,0.0,7490.0,76.2,50.2664298401421,7490.0,0.0,5000.0,0.5,11.0
7500.0,151.640625,0.0,7500.0,76.0,49.86295875392741,7500.0,0.0,5000.0,0.5,11.0
7510.0,152.015625,0.0,7510.0,75.9,49.78999299976666,7510.0,0.0,5000.0,0.5,12.0
7520.0,152.34375,0.0,7520.0,75.7,49.4175735422686,7520.0,0.0,5000.0,0.5,12.0
7530.0,152.6875,0.0,7530.0,75.6,49.1802186083711,7530.0,0.0,5000.0,0.5,12.0
7540.0,153.046875,0.0,7540.0,75.4,48.736329687916786,7540.0,0.0,5000.0,0.5,12.0
7550.0,153.375,0.0,7550.0,75.7,49.3327773144287,7550.0,0.0,5000.0,0.5,12.0
7560.0,153.71875,0.0,7560.0,75.4,48.7943782055552,7560.0,0.0,5000.0,0.5,12.0
7570.0,154.109375,0.0,7570.0,75.5,48.83810287508979,7570.0,0.0,5000.0,0.5,12.0
7580.0,154.421875,0.0,7580.0,75.4,48.78094484582232,7580.0,0.0,5000.0,0.5,12.0
7590.0,154.75,0.0,7590.0,75.6,49.18445210842872,7590.0,0.0,5000.0,0.5,12.0
7600.0,155.125,0.0,7600.0,75.4,48.71067818660974,7600.0,0.0,4998.0,0.5,12.0
7610.0,155.46875,0.0,7610.0,75.7,49.3078328785641,7610.0,0.0,5000.0,0.5,11.0
7620.0,155.828125,0.0,7620.0,75.8,49.431628217987296,7620.0,0.0,4999.0,0.5,11.0
7630.0,156.21875,0.0,7630.0,76.3,50.301962757926525,7630.0,0.0,5000.0,0.5,11.0
7640.0,156.5625,0.0,7640.0,76.3,50.26650438578083,7640.0,0.0,5000.0,0.5,11.0
7650.0,156.90625,0.0,7650.0,75.9,49.34292945004499,7650.0,0.0,5000.0,0.5,11.0
7660.0,157.28125,0.0,7660.0,75.8,49.16286788647774,7660.0,0.0,5000.0,0.5,11.0
7670.0,157.640625,0.0,7670.0,75.8,48.876119655230696,7670.0,0.0,5000.0,0.5,11.0
7680.0,157.9375,0.0,7680.0,75.9,49.094688104632596,7680.0,0.0,5000.0,0.5,11.0
7690.0,158.328125,0.0,7690.0,75.9,49.03181599005169,7690.0,0.0,5000.0,0.5,11.0
7700.0,158.640625,0.0,7700.0,75.9,48.88653234358431,7700.0,0.0,5000.0,0.5,11.0
7710.0,158.953125,0.0,7710.0,76.0,49.18333382738426,7710.0,0.0,5000.0,0.5,10.0
7720.0,159.296875,0.0,7720.0,75.9,48.88653234358431,7720.0,0.0,5000.0,0.5,10.0
7730.0,159.640625,0.0,7730.0,75.8,48.75986160927912,7730.0,0.0,5000.0,0.5,10.0
7740.0,159.9375,0.0,7740.0,75.8,48.82444246133285,7740.0,0.0,5000.0,0.5,10.0
7750.0,160.3125,0.0,7750.0,76.0,49.20828412885859,7750.0,0.0,5000.0,0.5,10.0
7760.0,160.609375,0.0,7760.0,75.9,49.08092119163322,7760.0,0.0,5000.0,0.5,10.0
7770.0,160.9375,0.0,7770.0,76.2,49.6958501189968,7770.0,0.0,5000.0,0.5,10.0
7780.0,161.296875,0.0,7780.0,76.7,50.63266464959787,7780.0,0.0,5000.0,0.5,10.0
7790.0,161.625,0.0,7790.0,76.8,50.69599404951652,7790.0,0.0,5000.0,0.5,10.0
7800.0,161.984375,0.0,7800.0,77.10000000000001,51.184365354115855,7800.0,0.0,5000.0,0.5,9.0
7810.0,162.3125,0.0,7810.0,77.60000000000001,52.10174956912959,7810.0,0.0,5000.0,0.5,9.0
7820.0,162.640625,0.0,7820.0,77.5,51.931704565847156,7820.0,0.0,5000.0,0.5,9.0
7830.0,162.96875,0.0,7830.0,77.3,51.50443082865468,7830.0,0.0,5000.0,0.5,9.0
7840.0,163.34375,0.0,7840.0,77.60000000000001,51.95092129818315,7840.0,0.0,5000.0,0.5,9.0
7850.0,163.640625,0.0,7850.0,77.5,51.9559275708917,7850.0,0.0,5000.0,0.5,9.0
7860.0,164.0,0.0,7860.0,77.5,51.80691924124814,7860.0,0.0,5000.0,0.5,9.0
7870.0,164.3125,0.0,7870.0,77.60000000000001,52.108713220988356,7870.0,0.0,5000.0,0.5,9.0
7880.0,164.6875,0.0,7880.0,77.60000000000001,51.93236196648141,7880.0,0.0,5000.0,0.5,9.0
7890.0,165.0,0.0,7890.0,77.2,51.13001131726054,7890.0,0.0,5000.0,0.5,9.0
7900.0,165.34375,0.0,7900.0,77.3,51.474989311671656,7900.0,0.0,5000.0,0.5,9.0
7910.0,165.703125,0.0,7910.0,77.0,50.86750889725329,7910.0,0.0,5000.0,0.5,9.0
7920.0,166.03125,0.0,7920.0,77.10000000000001,51.19643329042598,7920.0,0.0,5000.0,0.5,9.0
7930.0,166.34375,0.0,7930.0,77.4,51.70940170940172,7930.0,0.0,5000.0,0.5,9.0
7940.0,166.703125,0.0,7940.0,77.0,50.79982373502069,7940.0,0.0,5000.0,0.5,9.0
7950.0,167.015625,0.0,7950.0,77.0,50.85470085470085,7950.0,0.0,5000.0,0.5,9.0
7960.0,167.359375,0.0,7960.0,77.10000000000001,51.04745617785379,7960.0,0.0,5000.0,0.5,9.0
7970.0,167.71875,0.0,7970.0,77.10000000000001,51.10181072770755,7970.0,0.0,5000.0,0.5,9.0
7980.0,168.046875,0.0,7980.0,77.0,50.79982373502069,7980.0,0.0,5000.0,0.5,9.0
7990.0,168.390625,0.0,7990.0,76.9,50.71642529804829,7990.0,0.0,5000.0,0.5,9.0
8000.0,168.75,0.0,8000.0,76.9,50.940831669710754,8000.0,0.0,5000.0,0.5,9.0
8010.0,169.046875,0.0,8010.0,76.8,50.87659862793259,8010.0,0.0,5000.0,0.5,9.0
8020.0,169.390625,0.0,8020.0,76.8,50.92709712627389,8020.0,0.0,4998.0,0.5,9.0
8030.0,169.765625,0.0,8030.0,76.9,51.05641860110347,8030.0,0.0,5000.0,0.5,9.0
8040.0,170.09375,0.0,8040.0,76.9,51.00534487146857,8040.0,0.0,5000.0,0.5,9.0
8050.0,170.421875,0.0,8050.0,76.9,50.940831669710754,8050.0,0.0,5000.0,0.5,9.0
8060.0,170.78125,0.0,8060.0,77.4,51.855891475510404,8060.0,0.0,5000.0,0.5,9.0
8070.0,171.125,0.0,8070.0,77.5,52.02558635394456,8070.0,0.0,5000.0,0.5,9.0
8080.0,171.453125,0.0,8080.0,77.4,51.873935264054516,8080.0,0.0,5000.0,0.5,9.0
8090.0,171.828125,0.0,8090.0,77.10000000000001,51.15062672252703,8090.0,0.0,5000.0,0.5,9.0
8100.0,172.15625,0.0,8100.0,77.3,51.524314720378584,8100.0,0.0,5000.0,0.5,9.0
8110.0,172.453125,0.0,8110.0,77.3,51.61936589399739,8110.0,0.0,5000.0,0.5,9.0
8120.0,172.828125,0.0,8120.0,77.3,51.68156662409537,8120.0,0.0,4999.0,0.5,9.0
8130.0,173.140625,0.0,8130.0,77.0,51.0221465076661,8130.0,0.0,4999.0,0.5,9.0
8140.0,173.4375,0.0,8140.0,76.7,50.41540399741224,8140.0,0.0,5000.0,0.5,9.0
8150.0,173.828125,0.0,8150.0,76.3,49.694345389709625,8150.0,0.0,5000.0,0.5,9.0
8160.0,174.140625,0.0,8160.0,76.2,49.5146619603584,8160.0,0.0,4999.0,0.5,9.0
8170.0,174.46875,0.0,8170.0,76.2,49.49066213921901,8170.0,0.0,5000.0,0.5,9.0
8180.0,174.828125,0.0,8180.0,76.0,49.07810146188284,8180.0,0.0,5000.0,0.5,9.0
8190.0,175.15625,0.0,8190.0,75.9,48.845304805569704,8190.0,0.0,5000.0,0.5,9.0
8200.0,175.46875,0.0,8200.0,75.9,48.9112369840247,8200.0,0.0,5000.0,0.5,9.0
8210.0,175.828125,0.0,8210.0,75.5,48.076499211610525,8210.0,0.0,5000.0,0.5,9.0
8220.0,176.125,0.0,8220.0,75.5,48.13014464279665,8220.0,0.0,4997.0,0.5,9.0
8230.0,176.4375,0.0,8230.0,75.4,47.96580126320421,8230.0,0.0,4998.0,0.5,9.0
8240.0,176.8125,0.0,8240.0,75.3,47.87929943025955,8240.0,0.0,5000.0,0.5,9.0
8250.0,177.140625,0.0,8250.0,75.3,47.98247830848286,8250.0,0.0,5000.0,0.5,9.0
8260.0,177.46875,0.0,8260.0,75.3,47.98247830848286,8260.0,0.0,5000.0,0.5,9.0
8270.0,177.796875,0.0,8270.0,75.0,47.38348599137931,8270.0,0.0,5000.0,0.5,9.0
8280.0,178.140625,0.0,8280.0,74.7,46.822374118260306,8280.0,0.0,5000.0,0.5,10.0
8290.0,178.484375,0.0,8290.0,74.5,46.590147453083105,8290.0,0.0,4999.0,0.5,10.0
8300.0,178.84375,0.0,8300.0,74.7,46.87329385578094,8300.0,0.0,5000.0,0.5,10.0
8310.0,179.1875,0.0,8310.0,74.7,47.05163407447094,8310.0,0.0,5000.0,0.5,10.0
8320.0,179.5,0.0,8320.0,74.6,46.9562493473948,8320.0,0.0,5000.0,0.5,10.0
8330.0,179.828125,0.0,8330.0,74.5,46.6142998308406,8330.0,0.0,5000.0,0.5,10.0
8340.0,180.171875,0.0,8340.0,74.3,46.12927297576027,8340.0,0.0,5000.0,0.5,10.0
8350.0,180.515625,0.0,8350.0,74.2,45.9373376024676,8350.0,0.0,5000.0,0.5,10.0
8360.0,180.875,0.0,8360.0,74.2,45.76732923014832,8360.0,0.0,5000.0,0.5,10.0
8370.0,181.21875,0.0,8370.0,73.9,45.13348749211688,8370.0,0.0,5000.0,0.5,10.0
8380.0,181.578125,0.0,8380.0,73.9,44.939961352493945,8380.0,0.0,5000.0,0.5,10.0
8390.0,181.90625,0.0,8390.0,74.0,45.201321912726776,8390.0,0.0,5000.0,0.5,10.0
8400.0,182.234375,0.0,8400.0,74.0,45.44691565253881,8400.0,0.0,5000.0,0.5,10.0
8410.0,182.59375,0.0,8410.0,73.9,45.30686828385106,8410.0,0.0,5000.0,0.5,10.0
8420.0,182.890625,0.0,8420.0,74.1,45.79321892005023,8420.0,0.0,5000.0,0.5,10.0
8430.0,183.203125,0.0,8430.0,74.0,45.63512807109253,8430.0,0.0,5000.0,0.5,10.0
8440.0,183.546875,0.0,8440.0,74.0,45.71843735907672,8440.0,0.0,5000.0,0.5,10.0
8450.0,183.90625,0.0,8450.0,74.1,46.070878274268104,8450.0,0.0,5000.0,0.5,10.0
8460.0,184.1875,0.0,8460.0,74.5,46.76142437199359,8460.0,0.0,5000.0,0.5,11.0
8470.0,184.5,0.0,8470.0,74.5,46.7289485338971,8470.0,0.0,5000.0,0.5,11.0
8480.0,184.84375,0.0,8480.0,74.4,46.69620585259002,8480.0,0.0,5000.0,0.5,11.0
8490.0,185.21875,0.0,8490.0,74.0,45.894427542233565,8490.0,0.0,5000.0,0.5,11.0
8500.0,185.5625,0.0,8500.0,74.5,46.84133284413462,8500.0,0.0,5000.0,0.5,11.0
8510.0,185.875,0.0,8510.0,74.6,47.15907199680458,8510.0,0.0,5000.0,0.5,11.0
8520.0,186.234375,0.0,8520.0,74.4,46.617732921845025,8520.0,0.0,5000.0,0.5,11.0
8530.0,186.578125,0.0,8530.0,74.7,47.258703356264334,8530.0,0.0,5000.0,0.5,11.0
8540.0,186.890625,0.0,8540.0,74.8,47.62548061934947,8540.0,0.0,5000.0,0.5,11.0
8550.0,187.1875,0.0,8550.0,74.7,47.40343436863332,8550.0,0.0,4998.0,0.5,11.0
8560.0,187.546875,0.0,8560.0,75.0,48.02408356064134,8560.0,0.0,5000.0,0.5,11.0
8570.0,187.859375,0.0,8570.0,75.0,48.13084306052923,8570.0,0.0,5000.0,0.5,11.0
8580.0,188.171875,0.0,8580.0,74.8,47.73345722439769,8580.0,0.0,5000.0,0.5,11.0
8590.0,188.546875,0.0,8590.0,74.7,47.51255134641716,8590.0,0.0,5000.0,0.5,11.0
8600.0,188.859375,0.0,8600.0,75.0,48.07654763042134,8600.0,0.0,5000.0,0.5,11.0
8610.0,189.203125,0.0,8610.0,75.1,48.27070418321727,8610.0,0.0,4997.0,0.5,11.0
8620.0,189.59375,0.0,8620.0,75.3,48.6230135618604,8620.0,0.0,5000.0,0.5,12.0
8630.0,189.90625,0.0,8630.0,75.2,48.51887987046686,8630.0,0.0,5000.0,0.5,12.0
8640.0,190.25,0.0,8640.0,75.1,48.29777161319259,8640.0,0.0,4998.0,0.5,12.0
8650.0,190.625,0.0,8650.0,75.5,49.08392631508946,8650.0,0.0,5000.0,0.5,12.0
8660.0,190.96875,0.0,8660.0,75.7,49.43778142140176,8660.0,0.0,5000.0,0.5,12.0
8670.0,191.3125,0.0,8670.0,75.5,49.08392631508946,8670.0,0.0,4999.0,0.5,12.0
8680.0,191.6875,0.0,8680.0,75.3,48.66828489725345,8680.0,0.0,5000.0,0.5,12.0
8690.0,191.984375,0.0,8690.0,75.7,49.40999142259937,8690.0,0.0,5000.0,0.5,12.0
8700.0,192.28125,0.0,8700.0,75.6,49.23329796309011,8700.0,0.0,5000.0,0.5,12.0
8710.0,192.609375,0.0,8710.0,75.4,48.771345272802996,8710.0,0.0,5000.0,0.5,12.0
8720.0,192.921875,0.0,8720.0,75.3,48.723271745899936,8720.0,0.0,5000.0,0.5,11.0
8730.0,193.265625,0.0,8730.0,75.5,49.07503637497402,8730.0,0.0,5000.0,0.5,11.0
8740.0,193.609375,0.0,8740.0,75.5,49.07503637497402,8740.0,0.0,4997.0,0.5,11.0
8750.0,193.984375,0.0,8750.0,75.6,49.22421255909968,8750.0,0.0,5000.0,0.5,11.0
8760.0,194.265625,0.0,8760.0,75.3,48.49230512574552,8760.0,0.0,5000.0,0.5,11.0
8770.0,194.59375,0.0,8770.0,75.3,48.328521819170746,8770.0,0.0,5000.0,0.5,11.0
8780.0,194.96875,0.0,8780.0,75.3,48.42562432138979,8780.0,0.0,5000.0,0.5,11.0
8790.0,195.3125,0.0,8790.0,75.1,48.09472192112066,8790.0,0.0,5000.0,0.5,11.0
8800.0,195.640625,0.0,8800.0,75.2,48.269532423322104,8800.0,0.0,5000.0,0.5,11.0
8810.0,196.0,0.0,8810.0,75.0,47.832982075412644,8810.0,0.0,5000.0,0.5,11.0
8820.0,196.328125,0.0,8820.0,75.0,47.832982075412644,8820.0,0.0,5000.0,0.5,10.0
8830.0,196.609375,0.0,8830.0,75.3,48.473393913602195,8830.0,0.0,5000.0,0.5,10.0
8840.0,196.96875,0.0,8840.0,75.1,48.16991940318391,8840.0,0.0,5000.0,0.5,10.0
8850.0,197.3125,0.0,8850.0,75.3,48.45489908011821,8850.0,0.0,5000.0,0.5,10.0
8860.0,197.640625,0.0,8860.0,75.3,48.43682153712549,8860.0,0.0,5000.0,0.5,10.0
8870.0,198.0,0.0,8870.0,75.2,48.16486915809715,8870.0,0.0,5000.0,0.5,10.0
8880.0,198.328125,0.0,8880.0,75.0,47.7654039823656,8880.0,0.0,5000.0,0.5,10.0
8890.0,198.640625,0.0,8890.0,75.1,47.92233107175424,8890.0,0.0,5000.0,0.5,10.0
8900.0,198.984375,0.0,8900.0,74.8,47.279231783091696,8900.0,0.0,5000.0,0.5,10.0
8910.0,199.359375,0.0,8910.0,74.9,47.5531781520331,8910.0,0.0,5000.0,0.5,10.0
8920.0,199.65625,0.0,8920.0,74.6,46.92388383435237,8920.0,0.0,4999.0,0.5,10.0
8930.0,199.984375,0.0,8930.0,74.5,46.6812753002576,8930.0,0.0,5000.0,0.5,11.0
8940.0,200.3125,0.0,8940.0,74.6,46.89236713682951,8940.0,0.0,4997.0,0.5,11.0
8950.0,200.671875,0.0,8950.0,74.3,46.268032615513285,8950.0,0.0,4994.0,0.5,11.0
8960.0,201.0,0.0,8960.0,74.3,46.36805288902987,8960.0,0.0,5000.0,0.5,11.0
8970.0,201.328125,0.0,8970.0,74.2,46.26231488617192,8970.0,0.0,5000.0,0.5,11.0
8980.0,201.703125,0.0,8980.0,73.9,45.76916363999035,8980.0,0.0,5000.0,0.5,11.0
8990.0,202.015625,0.0,8990.0,74.2,46.26231488617192,8990.0,0.0,5000.0,0.5,11.0
9000.0,202.34375,0.0,9000.0,74.1,45.97007701871647,9000.0,0.0,5000.0,0.5,11.0
9010.0,202.65625,0.0,9010.0,73.7,45.03335618385192,9010.0,0.0,4999.0,0.5,11.0
9020.0,202.984375,0.0,9020.0,73.9,45.36777326579312,9020.0,0.0,5000.0,0.5,11.0
9030.0,203.328125,0.0,9030.0,73.6,44.70300907792267,9030.0,0.0,5000.0,0.5,11.0
9040.0,203.6875,0.0,9040.0,73.7,45.001631130331496,9040.0,0.0,5000.0,0.5,11.0
9050.0,204.046875,0.0,9050.0,73.6,44.82896980639984,9050.0,0.0,5000.0,0.5,10.0
9060.0,204.3125,0.0,9060.0,73.3,44.18616318544408,9060.0,0.0,5000.0,0.5,10.0
9070.0,204.609375,0.0,9070.0,73.3,44.122620502603425,9070.0,0.0,5000.0,0.5,10.0
9080.0,204.90625,0.0,9080.0,73.3,44.090794873942535,9080.0,0.0,5000.0,0.5,10.0
9090.0,205.3125,0.0,9090.0,73.4,44.151203268624315,9090.0,0.0,5000.0,0.5,10.0
9100.0,205.625,0.0,9100.0,73.4,44.07276427721406,9100.0,0.0,5000.0,0.5,10.0
9110.0,205.96875,0.0,9110.0,73.6,44.35826532676873,9110.0,0.0,5000.0,0.5,10.0
9120.0,206.3125,0.0,9120.0,73.7,44.58678173512903,9120.0,0.0,5000.0,0.5,10.0
9130.0,206.59375,0.0,9130.0,74.0,45.27145359019265,9130.0,0.0,5000.0,0.5,10.0
9140.0,206.90625,0.0,9140.0,74.1,45.29586698658375,9140.0,0.0,5000.0,0.5,10.0
9150.0,207.234375,0.0,9150.0,74.4,45.9276782696857,9150.0,0.0,4999.0,0.5,10.0
9160.0,207.59375,0.0,9160.0,74.6,46.160889913857424,9160.0,0.0,5000.0,0.5,10.0
9170.0,207.921875,0.0,9170.0,74.8,46.604060634055585,9170.0,0.0,5000.0,0.5,10.0
9180.0,208.25,0.0,9180.0,74.9,46.75886645172238,9180.0,0.0,5000.0,0.5,9.0
9190.0,208.609375,0.0,9190.0,75.0,47.23066531577169,9190.0,0.0,5000.0,0.5,9.0
9200.0,208.9375,0.0,9200.0,74.9,46.94657456648376,9200.0,0.0,5000.0,0.5,9.0
9210.0,209.25,0.0,9210.0,75.0,47.24825813748371,9210.0,0.0,5000.0,0.5,9.0
9220.0,209.578125,0.0,9220.0,74.9,47.10890087660148,9220.0,0.0,5000.0,0.5,9.0
9230.0,209.953125,0.0,9230.0,74.8,47.056154091802945,9230.0,0.0,5000.0,0.5,9.0
9240.0,210.296875,0.0,9240.0,75.0,47.30363225523592,9240.0,0.0,4999.0,0.5,9.0
9250.0,210.609375,0.0,9250.0,74.9,46.95016274252864,9250.0,0.0,5000.0,0.5,9.0
9260.0,210.984375,0.0,9260.0,74.9,46.934012126952446,9260.0,0.0,5000.0,0.5,9.0
9270.0,211.296875,0.0,9270.0,75.2,47.4947812353123,9270.0,0.0,5000.0,0.5,8.0
9280.0,211.640625,0.0,9280.0,75.4,47.824759060675994,9280.0,0.0,5000.0,0.5,8.0
9290.0,212.0,0.0,9290.0,75.3,47.51470438241594,9290.0,0.0,5000.0,0.5,8.0
9300.0,212.3125,0.0,9300.0,75.1,47.387104135500394,9300.0,0.0,5000.0,0.5,8.0
9310.0,212.625,0.0,9310.0,75.1,47.314521725883175,9310.0,0.0,5000.0,0.5,8.0
9320.0,212.96875,0.0,9320.0,75.0,46.914906718874086,9320.0,0.0,5000.0,0.5,8.0
9330.0,213.296875,0.0,9330.0,75.2,47.417298860566795,9330.0,0.0,5000.0,0.5,8.0
9340.0,213.625,0.0,9340.0,75.6,48.42746026378086,9340.0,0.0,5000.0,0.5,8.0
9350.0,213.953125,0.0,9350.0,75.7,48.60406091370558,9350.0,0.0,5000.0,0.5,8.0
9360.0,214.3125,0.0,9360.0,75.8,48.93846874485692,9360.0,0.0,5000.0,0.5,8.0
9370.0,214.625,0.0,9370.0,76.0,49.395913720032894,9370.0,0.0,5000.0,0.5,8.0
9380.0,214.953125,0.0,9380.0,75.8,49.09121507909795,9380.0,0.0,5000.0,0.5,8.0
9390.0,215.328125,0.0,9390.0,75.9,49.46529670790522,9390.0,0.0,5000.0,0.5,8.0
9400.0,215.65625,0.0,9400.0,75.6,48.68969461956774,9400.0,0.0,5000.0,0.5,8.0
9410.0,215.96875,0.0,9410.0,75.6,48.724630249946415,9410.0,0.0,5000.0,0.5,8.0
9420.0,216.328125,0.0,9420.0,75.7,48.85287307935171,9420.0,0.0,5000.0,0.5,8.0
9430.0,216.640625,0.0,9430.0,75.8,49.04555159243179,9430.0,0.0,5000.0,0.5,8.0
9440.0,216.984375,0.0,9440.0,75.8,48.95893092160767,9440.0,0.0,5000.0,0.5,9.0
9450.0,217.328125,0.0,9450.0,75.9,49.13680300536069,9450.0,0.0,5000.0,0.5,9.0
9460.0,217.640625,0.0,9460.0,75.5,48.38106153820224,9460.0,0.0,5000.0,0.5,9.0
9470.0,218.0,0.0,9470.0,75.3,47.80263903094648,9470.0,0.0,5000.0,0.5,9.0
9480.0,218.359375,0.0,9480.0,75.1,47.31140020482958,9480.0,0.0,5000.0,0.5,9.0
9490.0,218.703125,0.0,9490.0,75.5,48.15780341439055,9490.0,0.0,4999.0,0.5,9.0
9500.0,219.015625,0.0,9500.0,74.8,46.87243058630068,9500.0,0.0,5000.0,0.5,9.0
9510.0,219.359375,0.0,9510.0,74.9,46.94253728819292,9510.0,0.0,5000.0,0.5,9.0
9520.0,219.703125,0.0,9520.0,74.9,46.92817754321865,9520.0,0.0,5000.0,0.5,9.0
9530.0,220.03125,0.0,9530.0,74.9,46.96809634481302,9530.0,0.0,5000.0,0.5,9.0
9540.0,220.421875,0.0,9540.0,74.7,46.381037961377395,9540.0,0.0,5000.0,0.5,8.0
9550.0,220.75,0.0,9550.0,74.9,46.74937838915809,9550.0,0.0,5000.0,0.5,8.0
9560.0,221.125,0.0,9560.0,74.4,45.78040215692337,9560.0,0.0,4997.0,0.5,8.0
9570.0,221.5,0.0,9570.0,74.1,45.09547875046637,9570.0,0.0,5000.0,0.5,8.0
9580.0,221.84375,0.0,9580.0,74.2,45.201522463127844,9580.0,0.0,4995.0,0.5,8.0
9590.0,222.140625,0.0,9590.0,74.2,45.084884295128305,9590.0,0.0,5000.0,0.5,8.0
9600.0,222.484375,0.0,9600.0,74.0,44.76382285333095,9600.0,0.0,5000.0,0.5,8.0
9610.0,222.8125,0.0,9610.0,73.9,44.515777927058444,9610.0,0.0,4998.0,0.5,8.0
9620.0,223.125,0.0,9620.0,73.8,44.31432227129552,9620.0,0.0,5000.0,0.5,8.0
9630.0,223.4375,0.0,9630.0,73.8,44.44255954400489,9630.0,0.0,4999.0,0.5,8.0
9640.0,223.765625,0.0,9640.0,74.1,45.101064912161696,9640.0,0.0,5000.0,0.5,8.0
9650.0,224.078125,0.0,9650.0,74.1,45.14571331751949,9650.0,0.0,5000.0,0.5,8.0
9660.0,224.453125,0.0,9660.0,74.1,45.07824759319733,9660.0,0.0,5000.0,0.5,7.0
9670.0,224.796875,0.0,9670.0,74.3,45.53746259673987,9670.0,0.0,5000.0,0.5,7.0
9680.0,225.125,0.0,9680.0,74.4,45.78200979312449,9680.0,0.0,5000.0,0.5,7.0
9690.0,225.46875,0.0,9690.0,74.2,45.58638056632345,9690.0,0.0,5000.0,0.5,7.0
9700.0,225.765625,0.0,9700.0,74.2,45.619182517199505,9700.0,0.0,5000.0,0.5,7.0
9710.0,226.125,0.0,9710.0,74.3,45.7017781083091,9710.0,0.0,5000.0,0.5,7.0
9720.0,226.484375,0.0,9720.0,74.3,45.57390936044048,9720.0,0.0,5000.0,0.5,7.0
9730.0,226.828125,0.0,9730.0,74.1,45.15036001694197,9730.0,0.0,5000.0,0.5,7.0
9740.0,227.1875,0.0,9740.0,74.0,44.961896697713804,9740.0,0.0,5000.0,0.5,7.0
9750.0,227.5625,0.0,9750.0,73.9,44.828694152264354,9750.0,0.0,5000.0,0.5,7.0
9760.0,227.90625,0.0,9760.0,74.0,45.0716603569497,9760.0,0.0,5000.0,0.5,7.0
9770.0,228.25,0.0,9770.0,73.9,44.990557766237266,9770.0,0.0,5000.0,0.5,7.0
9780.0,228.59375,0.0,9780.0,73.6,44.33573982862155,9780.0,0.0,5000.0,0.5,7.0
9790.0,228.90625,0.0,9790.0,73.8,44.68676240219902,9790.0,0.0,5000.0,0.5,8.0
9800.0,229.21875,0.0,9800.0,73.6,44.3188337326629,9800.0,0.0,5000.0,0.5,8.0
9810.0,229.546875,0.0,9810.0,73.4,44.012965418534655,9810.0,0.0,5000.0,0.5,8.0
9820.0,229.9375,0.0,9820.0,73.2,43.583698214887164,9820.0,0.0,5000.0,0.5,8.0
9830.0,230.25,0.0,9830.0,72.89999999999999,42.93775793817906,9830.0,0.0,5000.0,0.5,8.0
9840.0,230.546875,0.0,9840.0,72.89999999999999,42.93775793817906,9840.0,0.0,5000.0,0.5,8.0
9850.0,230.90625,0.0,9850.0,72.89999999999999,42.88291630134214,9850.0,0.0,5000.0,0.5,8.0
9860.0,231.21875,0.0,9860.0,72.7,42.51663438052724,9860.0,0.0,5000.0,0.5,8.0
9870.0,231.515625,0.0,9870.0,72.7,42.71493440545236,9870.0,0.0,5000.0,0.5,8.0
9880.0,231.8125,0.0,9880.0,72.8,43.05024559581586,9880.0,0.0,5000.0,0.5,7.0
9890.0,232.15625,0.0,9890.0,72.6,42.605059971428204,9890.0,0.0,5000.0,0.5,7.0
9900.0,232.484375,0.0,9900.0,72.8,43.07527457808733,9900.0,0.0,5000.0,0.5,7.0
9910.0,232.765625,0.0,9910.0,72.7,42.678850385500475,9910.0,0.0,5000.0,0.5,7.0
9920.0,233.109375,0.0,9920.0,73.1,43.377480655726664,9920.0,0.0,5000.0,0.5,7.0
9930.0,233.453125,0.0,9930.0,73.1,43.48454543926584,9930.0,0.0,5000.0,0.5,7.0
9940.0,233.734375,0.0,9940.0,73.2,43.70694001008234,9940.0,0.0,5000.0,0.5,7.0
9950.0,234.078125,0.0,9950.0,73.6,44.47832761992891,9950.0,0.0,5000.0,0.5,7.0
9960.0,234.4375,0.0,9960.0,73.3,43.81691468587973,9960.0,0.0,5000.0,0.5,7.0
9970.0,234.765625,0.0,9970.0,73.5,44.062143791953396,9970.0,0.0,5000.0,0.5,7.0
9980.0,235.078125,0.0,9980.0,73.6,44.20185402021415,9980.0,0.0,5000.0,0.5,7.0
9990.0,235.453125,0.0,9990.0,73.2,43.46731018305622,9990.0,0.0,5000.0,0.5,7.0
10000.0,235.734375,0.0,10000.0,73.1,43.34217953578499,10000.0,0.0,5000.0,0.5,7.0